https://en.wikipedia.org/wiki/First_Barbary_War,1801,1805,"United States,Sweden","Barbary States,Ottoman Empire",First Barbary War,"Mediterranean,Tripoli,Derna",99,2000,534,4031,False,0
https://en.wikipedia.org/wiki/War_of_the_Oranges,1801,1801,"France,Spain",Portugal,War of the Oranges,"Alentejo,Portugal,Rio Grande do Sul,Mato Grosso,Brazil",-1,-1,80000,200000,False,0
https://en.wikipedia.org/wiki/Haitian_Revolution,1802,1805,Haiti,France,Haitian Revolution,Saint-Domingue,245004,75002,186001,60086,False,0
https://en.wikipedia.org/wiki/Stecklikrieg,1802,1802,Helvetic Republic,,Stecklikrieg,Helvetic Republic,-1,-1,-1,-1,False,0
https://en.wikipedia.org/wiki/Tedbury,1802,1810,British Empire,,Tedbury,,-1,-1,-1,-1,False,0
https://en.wikipedia.org/wiki/Souliote_War_(1803),1803,1803,Ottoman Empire,Souliotes,Souliote War (1803),"Epirus,Ottoman Empire",-1,-1,2000,2000,False,0
https://en.wikipedia.org/wiki/Irish_Rebellion_of_1803,1803,1803,British Empire,Society of United Irishmen,Irish Rebellion of 1803,"Dublin,Ireland",67,20,-1,-1,False,0
https://en.wikipedia.org/wiki/Second_Anglo-Maratha_War,1803,1805,British East India Company,Maratha Empire,Second Anglo-Maratha War,India,-1,-1,-1,-1,False,0
https://en.wikipedia.org/wiki/Burmese%E2%80%93Siamese_wars#During_the_Empires_/_Dynasties_of_Konbaung_(Burma)%E2%80%93Rattanakosin_(Siam),1803,1805,Burma,Siam,Burmese–Siamese wars,,-1,-1,-1,-1,False,0
https://en.wikipedia.org/wiki/First_Kandyan_War,1803,1805,British Empire,Kingdom of Kandy,First Kandyan War,Kingdom of Kandy,-1,-1,-1,-1,False,0
https://en.wikipedia.org/wiki/Napoleonic_Wars,1803,1815,"Austria,Prussia,Russia,United Kingdom,Baden,Bavaria,Brunswick,French royalists,Hanover,Hungary,Liechtenstein,Montenegro,Nassau,Netherlands,Ottoman Empire,Papal States,Persia,Portugal,Sardinia,Saxony,Sicily,Spain,Sweden,Switzerland,Tuscany,Württemberg","French Republic,French Empire,clients,Bonapartist Spain,Confederation of the Rhine,Duchy of Warsaw,Etruria,Holland,Italy,Naples,Polish Legions,Switzerland,Austria,Ottoman Empire,Persia,Prussia,Russia,Spain,Sweden",Napoleonic Wars,"Atlantic Ocean,Caucasus,Europe,French Guiana,Indian Ocean,Mediterranean Sea,North America,North Sea,Río de la Plata,West Indies",2500000,1800000,3000000,2000000,False,0
https://en.wikipedia.org/wiki/War_of_the_Third_Coalition,1803,1806,"France,Batavian Republic,Italy,Etruria,Spain,Bavaria,Württemberg","Austrian Empire,Russian Empire,United Kingdom,Naples,Sicily,Sweden",War of the Third Coalition,"Central Europe,Italy,Atlantic Ocean",160000,62050,-1,-1,False,0
https://en.wikipedia.org/wiki/Padri_War,1803,1837,"Adats,Netherlands",,Padri War,"West Sumatra,North Sumatra,Riau",-1,-1,-1,-1,False,0
https://en.wikipedia.org/wiki/1804_Mtiuleti_rebellion,1804,1804,Russian Empire,,1804 Mtiuleti rebellion,,-1,-1,-1,-1,False,0
https://en.wikipedia.org/wiki/Battle_of_Suriname,1804,1804,United Kingdom,Batavian Republic,Battle of Suriname,Suriname,-1,-1,unknown,2000,False,0
https://en.wikipedia.org/wiki/Battle_of_Sitka,1804,1804,Russian Empire,Tlingit,Battle of Sitka,"Sitka, Alaska",12,unknown,564,1550,False,0
https://en.wikipedia.org/wiki/First_Serbian_Uprising,1804,1813,"Ottoman Empire,France","Revolutionary Serbia,Habsburg Monarchy,Russian Empire",First Serbian Uprising,Sanjak of Smederevo,-1,-1,-1,-1,False,0
https://en.wikipedia.org/wiki/First_Serbian_Uprising#Uprising_against_the_Dahije,1804,1804,Karađorđe,Dahije,First Serbian Uprising,Sanjak of Smederevo,-1,-1,-1,-1,False,0
https://en.wikipedia.org/wiki/Castle_Hill_convict_rebellion,1804,1804,New South Wales,,Castle Hill convict rebellion,"Castle Hill,Colony of New South Wales,Australia",47,unknown,234,97,False,0
https://en.wikipedia.org/wiki/Fulani_War,1804,1808,Sokoto Caliphate,Hausa Kingdoms,Fulani War,"Nigeria,Cameroon",-1,-1,-1,-1,False,0
https://en.wikipedia.org/wiki/Russo-Persian_War_(1804%E2%80%931813),1804,1813,Russian Empire,Qajar dynasty,Russo-Persian War (1804–1813),"North Caucasus,South Caucasus,Iran",-1,-1,69000,95000,False,0
https://en.wikipedia.org/wiki/Muhammad_Ali%27s_seizure_of_power,1805,1811,Muhammad Ali,"Ottoman Empire,Mamluk Forces",Muhammad Ali's seizure of power,,-1,-1,-1,-1,False,0
https://en.wikipedia.org/wiki/Janissaries%27_Revolt,1805,1805,Ottoman Empire,Janissaries,Janissaries' Revolt,,-1,-1,-1,-1,False,0
https://en.wikipedia.org/wiki/Franco-Swedish_War,1805,1810,France,Sweden,Franco-Swedish War,Swedish Pomerania,-1,-1,53000,39125,False,0
https://en.wikipedia.org/wiki/History_of_the_Dominican_Republic#Eighteenth_century,1805,1805,"France,Spain,Captaincy General of Santo Domingo",First Empire of Haiti,History of the Dominican Republic,"El Seibo,Colony of Santo Domingo",172,276,1000,1800,False,0
https://en.wikipedia.org/wiki/War_of_the_Fourth_Coalition,1806,1807,"France,Confederation of the Rhine,Bavaria,Württemberg,Saxony,Polish Legions,Italy,Naples,Etruria,Holland,Swiss Confederation,Spain","Prussia,Russia,United Kingdom,Saxony,Sweden,Sicily",War of the Fourth Coalition,"Central Europe,Wallachia,Moldavia",-1,-1,422000,403500,False,0
https://en.wikipedia.org/wiki/Russo-Turkish_War_(1806%E2%80%931812),1806,1812,Russian Empire,Ottoman Empire,Russo-Turkish War (1806–1812),"Moldavia,Wallachia,Armenia,Caucasus,Dardanelles",-1,-1,-1,-1,False,0
https://en.wikipedia.org/wiki/British_invasions_of_the_R%C3%ADo_de_la_Plata,1806,1807,"Spain,Río de la Plata Viceroyalty",United Kingdom,British invasions of the Río de la Plata,"Buenos Aires,Montevideo,Colonia del Sacramento,Maldonado,Argentina,Uruguay",2319,4871,19500,28681,False,0
https://en.wikipedia.org/wiki/Ashanti%E2%80%93Fante_War,1806,1807,"Ashanti Empire,Holland","Fante Confederacy,United Kingdom",Ashanti–Fante War,Republic of Ghana,-1,-1,-1,-1,False,0
https://en.wikipedia.org/wiki/Henri_Christophe#State_and_Kingdom_of_Haiti,1806,1811,"Forces of,Henri Christophe",Alexandre Pétion,Henri Christophe,,-1,-1,-1,-1,False,0
https://en.wikipedia.org/wiki/Vellore_Mutiny,1806,1806,British East India Company,Vellore,Vellore Mutiny,Vellore,-1,-1,-1,-1,False,0
https://en.wikipedia.org/wiki/Slave_revolts_in_Brazil_before_1835#1807,1807,1807,Colonial Brazil,,Slave revolts in Brazil before 1835,,-1,-1,-1,-1,False,0
https://en.wikipedia.org/wiki/Tican%27s_rebellion,1807,1807,Austrian Empire,,Tican's rebellion,,-1,-1,-1,-1,False,0
https://en.wikipedia.org/wiki/Froberg_mutiny,1807,1807,British Empire,,Froberg mutiny,"Fort Ricasoli,Malta",60,10,200,unknown,False,0
https://en.wikipedia.org/wiki/Alexandria_expedition_of_1807,1807,1807,Egypt,British Empire,Alexandria expedition of 1807,"Ottoman Empire,Egypt Eyalet",1702,unknown,6000,6200,False,0
https://en.wikipedia.org/wiki/Janissaries%27_Revolt,1807,1808,Ottoman Empire,Janissaries,Janissaries' Revolt,,-1,-1,-1,-1,False,0
https://en.wikipedia.org/wiki/Mthethwa_Paramountcy,1807,1818,Mthethwa Paramountcy,,Mthethwa Paramountcy,,-1,-1,-1,-1,False,0
https://en.wikipedia.org/wiki/Peninsular_War,1807,1814,"United Kingdom,Spain,Portugal",France,Peninsular War,"Iberian Peninsula,Southern France",707156,657018,739948,2006155,False,0
https://en.wikipedia.org/wiki/Gunboat_War,1807,1814,United Kingdom,,Gunboat War,Danish–Norwegian,-1,-1,-1,-1,False,0
https://en.wikipedia.org/wiki/Anglo-Russian_War_(1807%E2%80%931812),1807,1812,United Kingdom,Russian Empire,Anglo-Russian War (1807–1812),"Baltic Sea,Barents Sea",-1,-1,-1,-1,False,0
https://en.wikipedia.org/wiki/Ottoman_coups_of_1807%E2%80%9308,1807,1808,,Janissaries,Ottoman coups of 1807–08,"Constantinople,Turkey",-1,-1,-1,-1,False,0
https://en.wikipedia.org/wiki/Anglo-Turkish_War_(1807%E2%80%931809),1807,1809,Ottoman Empire,United Kingdom,Anglo-Turkish War (1807–1809),"Dardanelles,Marmara Sea,Aegean Sea,Mediterranean Sea,Alexandria",-1,-1,-1,-1,False,0
https://en.wikipedia.org/wiki/Musket_Wars,1807,1842,,,Musket Wars,,71636,71636,-1,-1,False,0
https://en.wikipedia.org/wiki/Rum_Rebellion,1808,1810,United Kingdom,New South Wales Corps,Rum Rebellion,"Sydney,New South Wales",-1,-1,unknown,400,False,0
https://en.wikipedia.org/wiki/Finnish_War,1808,1809,Russian Empire,Sweden,Finnish War,"Finland,Sweden",10001,7001,55000,36000,False,0
https://en.wikipedia.org/wiki/Spanish_reconquest_of_Santo_Domingo,1808,1809,"Spain,Haiti,British Empire",France,Spanish reconquest of Santo Domingo,Captaincy General of Santo Domingo,-1,-1,2006,2600,False,0
https://en.wikipedia.org/wiki/Dano-Swedish_War_of_1808%E2%80%9309,1808,1809,France,"Sweden,United Kingdom",Dano-Swedish War of 1808–09,Scandinavia,762,2300,81000,23000,False,0
https://en.wikipedia.org/wiki/Travancore_rebellion,1808,1809,British Empire,"Travancore,Kingdom of Cochin",Travancore rebellion,India,-1,-1,-1,-1,False,0
https://en.wikipedia.org/wiki/Gurkha-Sikh_War,1809,1809,Sikh Empire,Nepal,Gurkha-Sikh War,"Kangra fort,Ganesh Valley",-1,-1,-1,-1,False,0
https://en.wikipedia.org/wiki/Persian_Gulf_campaign_of_1809,1809,1809,"United Kingdom,East India Company",Al Qasimi,Persian Gulf campaign of 1809,"Straits of Hormuz,Ras Al Khaimah",-1,-1,-1,-1,False,0
https://en.wikipedia.org/wiki/Coup_of_1809,1809,1809,,Sweden,Coup of 1809,,-1,-1,-1,-1,False,0
https://en.wikipedia.org/wiki/War_of_the_Fifth_Coalition,1809,1809,"France,Duchy of Warsaw,Confederation of the Rhine,Kingdom of Bavaria,Saxony,Württemberg,Westphalia,Italy,Naples,Swiss Confederation,Holland","Austria,Tyrol,Hungary,United Kingdom,Black Brunswickers,Sardinia,Sicily",War of the Fifth Coalition,Netherlands,340004,280009,379003,275003,False,0
https://en.wikipedia.org/wiki/1809_Gottscheer_Rebellion,1809,1809,France,,1809 Gottscheer Rebellion,"Gottschee County,Slovenia",unknown,unknown,2500,1500,False,0
https://en.wikipedia.org/wiki/Tyrol_Rebellion,1809,1809,"Kingdom of Bavaria,First French Empire,Kingdom of Italy",Austrian Empire,Tyrol Rebellion,,-1,-1,-1,-1,False,0
https://en.wikipedia.org/wiki/Quito#Colonial_period,1809,1810,Spain,,Quito,,-1,-1,-1,-1,False,0
https://en.wikipedia.org/wiki/Burmese%E2%80%93Siamese_War_(1809%E2%80%931812),1809,1812,Siam,Burma,Burmese–Siamese War (1809–1812),"Junk Ceylon,Southern Siam",4131,unknown,41266,16023,False,0
https://en.wikipedia.org/wiki/Bolivian_War_of_Independence,1809,1825,Bolivia,Spain,Bolivian War of Independence,"Upper Peru,Bolivia",-1,-1,-1,-1,False,0
https://en.wikipedia.org/wiki/Argentine_War_of_Independence,1810,1818,"United Provinces of the Río de la Plata,Chile",Spain,Argentine War of Independence,"Argentina,Chile,Uruguay,Paraguay,Bolivia",-1,-1,-1,-1,False,0
https://en.wikipedia.org/wiki/Tecumseh%27s_War,1810,1811,"United States,Chief Black Hoof",,Tecumseh's War,"Midwestern United States,Upper Canada",-1,-1,-1,-1,False,0
https://en.wikipedia.org/wiki/West_Florida_Controversy,1810,1810,United States,Spain,West Florida Controversy,,-1,-1,-1,-1,False,0
https://en.wikipedia.org/wiki/Punjab_War,1810,1820,Sikh Empire,"British East India Company,British Empire",Punjab War,,-1,-1,-1,-1,False,0
https://en.wikipedia.org/wiki/Chilean_War_of_Independence,1810,1826,"Chile,United Provinces of the Río de la Plata","Spain,Mapuche",Chilean War of Independence,"North,center,south,Pacific Ocean",-1,-1,-1,-1,False,0
https://en.wikipedia.org/wiki/Kamehameha_I#Unification_of_Hawai%CA%BBi,1810,1810,Kingdom of Hawaii,,Kamehameha I,,-1,-1,-1,-1,False,0
https://en.wikipedia.org/wiki/Seku_Amadu#Jihad,1810,1818,Seku Amadu,Bamana Empire,Seku Amadu,,-1,-1,-1,-1,False,0
https://en.wikipedia.org/wiki/Mexican_War_of_Independence,1810,1821,Mexican Army,Spain,Mexican War of Independence,,750001,750001,-1,-1,False,0
https://en.wikipedia.org/wiki/Cambodian_rebellion_(1811%E2%80%9312),1811,1812,"Rattanakosin Kingdom,Siam","Nguyễn dynasty,Vietnam",Cambodian rebellion (1811–12),"Cambodia,Southern Vietnam",unknown,unknown,unknown,unknown,False,0
https://en.wikipedia.org/wiki/Battle_of_Khakeekera,1811,1811,"Bahrain,Kuwait",Diriyah,Battle of Khakeekera,,1000,300,-1,-1,False,0
https://en.wikipedia.org/wiki/1811_German_Coast_uprising,1811,1811,United States,,1811 German Coast uprising,Territory of Orleans,95,2,700,72,False,0
https://en.wikipedia.org/wiki/Invasion_of_Java_(1811),1811,1811,British East India Company,France,Invasion of Java (1811),Java,1000,2000,12025,unknown,False,0
https://en.wikipedia.org/wiki/Tonquin_(1807_ship),1811,1811,United States,,Tonquin (1807 ship),,-1,-1,-1,-1,False,0
https://en.wikipedia.org/wiki/Xhosa_Wars#Fourth_War_(1811%E2%80%9312),1811,1812,Cape Colony,Xhosa,Xhosa Wars,"Eastern Cape,South Africa,Cape Colony",-1,-1,-1,-1,False,0
https://en.wikipedia.org/wiki/Ga%E2%80%93Fante_War,1811,1811,Fante Confederacy,"Ashanti Empire,Ga Tribes,British Empire,Dutch Empire",Ga–Fante War,,-1,-1,-1,-1,False,0
https://en.wikipedia.org/wiki/Battle_of_Las_Piedras_(1811),1811,1811,José Gervasio Artigas,Spain,Battle of Las Piedras (1811),"Las Piedras,Uruguay",1276,unknown,3986,6696,False,0
https://en.wikipedia.org/wiki/Cambodian_Rebellion_(1811%E2%80%9312),1811,1812,"Viet Nam,Kingdom of Cambodia","Ang Snguon,Siam",Cambodian Rebellion (1811–12),"Cambodia,Southern Vietnam",unknown,unknown,unknown,unknown,False,0
https://en.wikipedia.org/wiki/Donghak_Peasant_Revolution#Gwanseo_(%EA%B4%80%EC%84%9C)_Peasant_War,1811,1812,Joseon Dynasty,,Donghak Peasant Revolution,Korea,6000,unknown,53000,625000,False,0
https://en.wikipedia.org/wiki/Paraguayan_Revolt,1811,1811,Paraguay,Viceroyalty of Peru,Paraguayan Revolt,,-1,-1,-1,-1,False,0
https://en.wikipedia.org/wiki/Wahhabi_War,1811,1818,Ottoman Empire,First Saudi State,Wahhabi War,Arabian Peninsula,20001,3000,20000,50000,False,0
https://en.wikipedia.org/wiki/Venezuelan_War_of_Independence,1811,1823,"Venezuela,Gran Colombia,British Empire,New Granada",Spain,Venezuelan War of Independence,"Venezuela,New Granada",-1,-1,-1,-1,False,0
https://en.wikipedia.org/wiki/Peruvian_War_of_Independence,1811,1826,"Peru,United Provinces of the Río de la Plata,Gran Colombia,Chile,British Empire",Spain,Peruvian War of Independence,"Viceroyalty of Peru,Real Audiencia of Charcas",20000,20000,-1,-1,False,0
https://en.wikipedia.org/wiki/Battle_of_Shela,1812,1812,Lamu,"Mombasa,Pate",Battle of Shela,Lamu Island,-1,-1,-1,-1,False,0
https://en.wikipedia.org/wiki/Aponte_conspiracy,1812,1812,Spain,,Aponte conspiracy,,-1,-1,-1,-1,False,0
https://en.wikipedia.org/wiki/French_invasion_of_Russia,1812,1812,Russian Empire,"France,Duchy of Warsaw,Italy,Naples,Confederation of the Rhine,Baden,Bavaria,Berg,Saxony,Westphalia,Spain,Swiss Confederation,Austria,Prussia",French invasion of Russia,Eastern Europe,2264111,1170050,612000,623000,False,0
https://en.wikipedia.org/wiki/War_of_the_Sixth_Coalition,1812,1814,"Russian Empire,Kingdom of Prussia,Austrian Empire,Sweden in Union with Norway,United Kingdom of Great Britain and Ireland,Spain,Kingdom of Portugal,Sicily,Kingdom of Sardinia,Kingdom of Saxony,Kingdom of Bavaria,Württemberg","France,Naples,Swiss Confederation,Confederation of the Rhine",War of the Sixth Coalition,"Central and Eastern Europe,France,Italy",1052001,1337803,1070000,850000,False,0
https://en.wikipedia.org/wiki/War_of_1812,1812,1815,"British Empire,United Kingdom,The Canadas,Shawnee,Creek Red Sticks,Ojibway,Fox,Iroquois,Miami,Mingo,Ottawa,Kickapoo,Mascouten,Potawatomi,Sauk,Wyandot,Spain","United States,United States,Choctaw,Cherokee,Creek allies",War of 1812,"North America,Atlantic Ocean,Pacific Ocean",51142,44056,504981,82470,False,0
https://en.wikipedia.org/wiki/Pemmican_War,1812,1821,"North West Company,Métis",,Pemmican War,"Red River Colony,Rupert's Land,Canoe routes,Fort William,Fort Chipewyan",-1,-1,-1,-1,False,0
https://en.wikipedia.org/wiki/Eight_Trigrams_uprising_of_1813,1813,1813,Qing dynasty,,Eight Trigrams uprising of 1813,,-1,-1,-1,-1,False,0
https://en.wikipedia.org/wiki/Afghan-Sikh_Wars,1813,1837,Sikh Empire,"Durrani Empire,Emirate of Afghanistan",Afghan-Sikh Wars,"Punjab,Kashmir,Haryana,Pakistan,Afghanistan",-1,-1,-1,-1,False,0
https://en.wikipedia.org/wiki/Creek_War,1813,1814,"United States,Cherokees,Choctaws",Red Sticks,Creek War,Southern United States,584,1597,7000,4000,False,0
https://en.wikipedia.org/wiki/Peoria_War,1813,1813,United States,"Kickapoo Nation,Potawatomi Nation",Peoria War,,-1,-1,-1,-1,False,0
https://en.wikipedia.org/wiki/Slave_revolts_in_Brazil_before_1835#1814,1814,1814,Colonial Brazil,,Slave revolts in Brazil before 1835,,-1,-1,-1,-1,False,0
https://en.wikipedia.org/wiki/Swedish%E2%80%93Norwegian_War_(1814),1814,1814,Sweden,Norway,Swedish–Norwegian War (1814),Norway,-1,-1,30165,45620,False,0
https://en.wikipedia.org/wiki/Anglo-Nepalese_War,1814,1816,"British East India Company,Chogyal",Nepal,Anglo-Nepalese War,Kingdom of Nepal,unknown,unknown,39012,11006,False,0
https://en.wikipedia.org/wiki/Ashanti%E2%80%93Akim%E2%80%93Akwapim_War,1814,1816,Ashanti Empire,,Ashanti–Akim–Akwapim War,,-1,-1,-1,-1,False,0
https://en.wikipedia.org/wiki/Had%C5%BEi_Prodan%27s_Revolt,1814,1814,Ottoman Empire,,Hadži Prodan's Revolt,"Požega,Kragujevac,Jagodina,Sanjak of Smederevo,Ottoman Empire",-1,-1,-1,-1,False,0
https://en.wikipedia.org/wiki/Argentine_Civil_Wars,1814,1880,"Federalists,Blancos","Unitarios,Colorados",Argentine Civil Wars,"Argentina,Uruguay",-1,-1,-1,-1,False,0
https://en.wikipedia.org/wiki/Slachter%27s_Nek_Rebellion,1815,1815,United Kingdom,Boer,Slachter's Nek Rebellion,Cape Colony,5,unknown,201,300,False,0
https://en.wikipedia.org/wiki/Second_Barbary_War,1815,1815,"United States,United Kingdom of the Netherlands,United Kingdom","Barbary States,Ottoman Empire",Second Barbary War,Mediterranean Sea,41,542,10,12,False,0
https://en.wikipedia.org/wiki/Second_Kandyan_War,1815,1815,British Empire,Kingdom of Kandy,Second Kandyan War,Kingdom of Kandy,-1,-1,-1,-1,False,0
https://en.wikipedia.org/wiki/Hundred_Days,1815,1815,"United Kingdom,Kingdom of Prussia,Kingdom of France,Kingdom of Hanover,German Confederation,Austrian Empire,Russian Empire,Sweden,Netherlands,Spain,Kingdom of Portugal,Kingdom of Sardinia,Kingdom of the Two Sicilies,Grand Duchy of Tuscany","First French Empire,Napoleonic Kingdom of Naples",Hundred Days,"France,Netherlands",-1,-1,1800001,280001,False,0
https://en.wikipedia.org/wiki/Neapolitan_War,1815,1814,"Austrian Empire,Kingdom of the Two Sicilies,Grand Duchy of Tuscany,United Kingdom",Napoleonic Kingdom of Naples,Neapolitan War,Italy,5000,10000,155000,132000,False,0
https://en.wikipedia.org/wiki/Spanish_reconquest_of_New_Granada,1815,1816,Spanish Empire,United Provinces of New Granada,Spanish reconquest of New Granada,Viceroyalty of New Granada,-1,-1,unknown,10060,False,0
https://en.wikipedia.org/wiki/Second_Serbian_Uprising,1815,1817,Principality of Serbia,Ottoman Empire,Second Serbian Uprising,Sanjak of Smederevo,502,12,719,47,False,0
https://en.wikipedia.org/wiki/Bussa%27s_Rebellion,1816,1816,British Empire,,Bussa's Rebellion,,-1,-1,-1,-1,False,0
https://en.wikipedia.org/wiki/Portuguese_conquest_of_the_Banda_Oriental,1816,1820,,"Banda Oriental,Entre Ríos,Misiones",Portuguese conquest of the Banda Oriental,"Uruguay,Brazil,Argentina",-1,-1,-1,-1,False,0
https://en.wikipedia.org/wiki/Afaqi_Khoja_revolts,1816,1857,Qing Dynasty,"Aq Taghlik Khojas,Kokand Khanate",Afaqi Khoja revolts,Altishahr,-1,-1,unknown,5,False,0
https://en.wikipedia.org/wiki/Pernambucan_Revolt,1817,1817,Portuguese Empire,,Pernambucan Revolt,Pernambuco,-1,-1,-1,-1,False,0
https://en.wikipedia.org/wiki/Pentrich_rising,1817,1817,British Empire,,Pentrich rising,,-1,-1,-1,-1,False,0
https://en.wikipedia.org/wiki/Third_Anglo-Maratha_War,1817,1818,British East India Company,Maratha Confederacy,Third Anglo-Maratha War,Maharashtra,-1,-1,-1,-1,False,0
https://en.wikipedia.org/wiki/First_Seminole_War,1817,1818,United States,Seminole,First Seminole War,"Spanish Florida,Florida",3515,unknown,48006,1506,False,0
https://en.wikipedia.org/wiki/Uva_Rebellion,1817,1818,British Empire,Kingdom of Kandy,Uva Rebellion,"Uva-Wellassa,British Ceylon",18018,2900,120000,39000,False,0
https://en.wikipedia.org/wiki/Ndwandwe%E2%80%93Zulu_War,1817,1819,Shaka Zulu,King Zwide,Ndwandwe–Zulu War,"Zululand,South Africa",unknown,unknown,4000,25000,False,0
https://en.wikipedia.org/wiki/Burmese_invasions_of_Assam,1817,1826,Konbaung Dynasty,"Kingdom of Ahom,Kingdom of Manipur",Burmese invasions of Assam,,-1,-1,-1,-1,False,0
https://en.wikipedia.org/wiki/Caucasian_War,1817,1864,Russian Empire,"Avar Khanate,Circassia,Caucasian Imamate,North Caucasus",Caucasian War,North Caucasus,unknown,200,310003,115006,False,0
https://en.wikipedia.org/wiki/Fifth_Xhosa_War,1818,1819,"British Empire,Khoikhoi",Xhosa,Fifth Xhosa War,"Eastern Cape,South Africa,Cape Colony",-1,-1,-1,-1,False,0
https://en.wikipedia.org/wiki/Zulu_wars_of_conquest,1818,1828,Zulu Kingdom,Mtetwa Paramountcy,Zulu wars of conquest,,-1,-1,-1,-1,False,0
https://en.wikipedia.org/wiki/Bol%C3%ADvar%27s_campaign_to_liberate_New_Granada,1819,1820,United Provinces of New Granada,Spain,Bolívar's campaign to liberate New Granada,Viceroyalty of New Granada,-1,-1,2200,4500,False,0
https://en.wikipedia.org/wiki/Chuguev_uprising,1819,1819,Russian Empire,,Chuguev uprising,,-1,-1,-1,-1,False,0
https://en.wikipedia.org/wiki/Ferdinand_I_of_the_Two_Sicilies#1820_revolution,1820,1820,Kingdom of the Two Sicilies,Carbonari,Ferdinand I of the Two Sicilies,,-1,-1,-1,-1,False,0
https://en.wikipedia.org/wiki/Cambodian_rebellion_(1820),1820,1820,"Rattanakosin Kingdom,Siam",,Cambodian rebellion (1820),"Cambodia,Cochinchina",-1,-1,unknown,unknown,False,0
https://en.wikipedia.org/wiki/Ali_Pasha%27s_Revolt,1820,1822,Ottoman Empire,Ali Pasha of Yanina,Ali Pasha's Revolt,,-1,-1,-1,-1,False,0
https://en.wikipedia.org/wiki/Ecuadorian_War_of_Independence,1820,1822,Free Province of Guayaquil,Kingdom of Spain,Ecuadorian War of Independence,Ecuador,-1,-1,-1,-1,False,0
https://en.wikipedia.org/wiki/Trienio_Liberal,1820,1823,"Kingdom of Spain,Kingdom of France",Cortes,Trienio Liberal,,-1,-1,-1,-1,False,0
https://en.wikipedia.org/wiki/Texas%E2%80%93Indian_wars,1820,1875,"Spain,Mexico,Republic of Texas,United States",Comanche,Texas–Indian wars,Texas,-1,-1,-1,-1,False,0
https://en.wikipedia.org/wiki/Siamese_invasion_of_Kedah,1821,1821,Rattanakosin Kingdom,Kedah Sultanate,Siamese invasion of Kedah,,-1,-1,-1,-1,False,0
https://en.wikipedia.org/wiki/Owu_Kingdom#Ijebu_and_Ife_war_against_Owu,1821,1825,,Owu Kingdom,Owu Kingdom,,-1,-1,-1,-1,False,0
https://en.wikipedia.org/wiki/Wallachian_uprising_(1821),1821,1821,Ottoman Empire,Principality of Wallachia,Wallachian uprising (1821),"Wallachia,Moldavia,Sanjak of Nicopolis",-1,-1,28000,27000,False,0
https://en.wikipedia.org/wiki/Ni%C5%A1_Rebellion_(1821),1821,1821,Ottoman Empire,,Niš Rebellion (1821),,-1,-1,-1,-1,False,0
https://en.wikipedia.org/wiki/Ottoman%E2%80%93Persian_War_(1821%E2%80%9323),1821,1823,Qajar Persia,Ottoman Empire,Ottoman–Persian War (1821–23),,-1,-1,-1,-1,False,0
https://en.wikipedia.org/wiki/Greek_War_of_Independence,1821,1832,"Greek revolutionaries,British Empire,United States of the Ionian Islands,Kingdom of France,Russian Empire","Ottoman Empire,Egypt Eyalet,Beylik of Tunis",Greek War of Independence,Greece,150,150,-1,-1,False,0
https://en.wikipedia.org/wiki/Padri_War,1821,1837,Dutch Empire,West Sumatra,Padri War,"West Sumatra,North Sumatra,Riau",-1,-1,-1,-1,False,0
https://en.wikipedia.org/wiki/Spanish_attempts_to_reconquer_Mexico,1821,1829,Mexico,Spanish Empire,Spanish attempts to reconquer Mexico,"Veracruz,Tamaulipas,Cuba",135,1923,4500,3500,False,0
https://en.wikipedia.org/wiki/Comanche%E2%80%93Mexico_Wars,1821,1870,"Comanche,Kiowa",Mexico,Comanche–Mexico Wars,"Chihuahua,Durango,Nuevo Leon,Zacatecas,Tamaulipas,San Luis Potosi",-1,-1,-1,-1,False,0
https://en.wikipedia.org/wiki/Casa_Mata_Plan_Revolution,1822,1823,,First Mexican Empire,Casa Mata Plan Revolution,Mexico,unknown,unknown,unknown,unknown,False,0
https://en.wikipedia.org/wiki/War_of_Independence_of_Brazil,1822,1824,Empire of Brazil,Kingdom of Portugal,War of Independence of Brazil,"Brazil,Uruguay",11900,11900,27090,18055,False,0
https://en.wikipedia.org/wiki/Haitian_occupation_of_Santo_Domingo,1822,1844,Republic of Spanish Haiti,Haiti,Haitian occupation of Santo Domingo,,-1,-1,-1,-1,False,0
https://en.wikipedia.org/wiki/Hundred_Thousand_Sons_of_Saint_Louis,1823,1823,Kingdom of France,Cortes,Hundred Thousand Sons of Saint Louis,Spain,401,601,-1,-1,False,0
https://en.wikipedia.org/wiki/Ochomogo_War,1823,1823,,,Ochomogo War,,20,20,-1,-1,False,0
https://en.wikipedia.org/wiki/Demerara_rebellion_of_1823,1823,1823,British Empire,,Demerara rebellion of 1823,,-1,-1,-1,-1,False,0
https://en.wikipedia.org/wiki/Expedition_to_the_West_Coast_of_Borneo,1823,1823,,,Expedition to the West Coast of Borneo,"Pontianak,Mandor,Monterado",unknown,unknown,unknown,unknown,False,0
https://en.wikipedia.org/wiki/Revolt_of_Quer%C3%A9taro,1823,1823,Provisional Government of Mexico,Mexican Empire,Revolt of Querétaro,Queretaro,100,600,1200,2000,False,0
https://en.wikipedia.org/wiki/First_Anglo-Ashanti_War,1823,1831,Ashanti Empire,British Empire,First Anglo-Ashanti War,"Asanteman,West Africa,Ghana",1100,2300,-1,-1,False,0
https://en.wikipedia.org/wiki/Greek_civil_wars_of_1824%E2%80%931825,1823,1824,,Philiki Etaireia,Greek civil wars of 1824–1825,Peloponnese,-1,-1,-1,-1,False,0
https://en.wikipedia.org/wiki/Chumash_revolt_of_1824,1824,1824,,,Chumash revolt of 1824,"Mission Santa Inés,Mission Santa Barbara,La Purisima Mission",-1,-1,-1,-1,False,0
https://en.wikipedia.org/wiki/Bathurst_War,1824,1824,British Empire,Wiradjuri,Bathurst War,"Bathurst, New South Wales,Australia",21,101,275,1500,False,0
https://en.wikipedia.org/wiki/Confederation_of_the_Equator,1824,1824,Empire of Brazil,Confederation of the Equator,Confederation of the Equator,"Pernambuco,Ceará,Paraíba",unknown,unknown,7705,unknown,False,0
https://en.wikipedia.org/wiki/First_Bone_War,1824,1824,Dutch Empire,,First Bone War,,-1,-1,-1,-1,False,0
https://en.wikipedia.org/wiki/April_Revolt,1824,1824,,,April Revolt,,-1,-1,-1,-1,False,0
https://en.wikipedia.org/wiki/Greek_civil_wars_of_1824%E2%80%931825,1824,1825,,,Greek civil wars of 1824–1825,Peloponnese,-1,-1,-1,-1,False,0
https://en.wikipedia.org/wiki/First_Anglo-Burmese_War,1824,1826,"British Empire,British East India Company",Third Burmese Empire,First Anglo-Burmese War,"Burma,East Bengal,Assam,Manipur,Cachar,Jaintia",15000,20000,50000,40000,False,0
https://en.wikipedia.org/wiki/Second_Bone_War,1825,1825,Dutch Empire,,Second Bone War,,-1,-1,-1,-1,False,0
https://en.wikipedia.org/wiki/Aegean_Sea_Anti-Piracy_Operations_of_the_United_States,1825,1828,United States,,Aegean Sea Anti-Piracy Operations of the United States,Aegean Sea,unknown,96,7,unknown,False,0
https://en.wikipedia.org/wiki/Decembrist_revolt,1825,1825,Russian Empire,Decembrists,Decembrist revolt,"Saint Petersburg,Russian Empire",-1,-1,3000,unknown,False,0
https://en.wikipedia.org/wiki/Cisplatine_War,1825,1828,United Provinces of South America,Empire of Brazil,Cisplatine War,"Southern Brazil,Uruguay",8007,2208,27242,10500,False,0
https://en.wikipedia.org/wiki/Java_War,1825,1830,Dutch Empire,Diponegoro,Java War,Central Java,15000,20000,50000,100000,False,0
https://en.wikipedia.org/wiki/Franco-Trarzan_War_of_1825,1825,1825,"France,Comte de Villèle",,Franco-Trarzan War of 1825,"Waalo,West Africa",-1,-1,-1,-1,False,0
https://en.wikipedia.org/wiki/First_Central_American_Civil_War,1826,1829,,,First Central American Civil War,"Federal Republic of Central America,El Salvador,Guatemala",unknown,unknown,2000,2000,False,0
https://en.wikipedia.org/wiki/Russo-Persian_War_(1826%E2%80%9328),1826,1828,Russian Empire,Persian Empire,Russo-Persian War (1826–28),"South Caucasus,Iran",-1,-1,34000,85000,False,0
https://en.wikipedia.org/wiki/Chernigov_Regiment_revolt,1826,1826,Russian Empire,Decembrists,Chernigov Regiment revolt,"Kiev Governorate,Ukraine",80,unknown,1000,400,False,0
https://en.wikipedia.org/wiki/Chao_Anu_Rebellion,1826,1828,Siam,"Anouvong,King of Vientiane",Chao Anu Rebellion,"Khorat Plateau,Thailand,Laos",-1,-1,-1,-1,False,0
https://en.wikipedia.org/wiki/1827_Honduran_coup_d%27%C3%A9tat,1827,1827,State of Honduras,,1827 Honduran coup d'état,,-1,-1,-1,-1,False,0
https://en.wikipedia.org/wiki/Winnebago_War,1827,1827,"United States,Local militia",Winnebago,Winnebago War,"Illinois,Michigan Territory",7,20,-1,-1,False,0
https://en.wikipedia.org/wiki/Gran_Colombia%E2%80%93Peru_War,1828,1829,Gran Colombia,Peru,Gran Colombia–Peru War,"Ecuador,Peru,Colombia",2,1,4605,7514,False,0
https://en.wikipedia.org/wiki/Irish_and_German_Mercenary_Soldiers%27_Revolt,1828,1828,Empire of Brazil,,Irish and German Mercenary Soldiers' Revolt,"Rio de Janeiro,Empire of Brazil",300,3000,2000,3000,False,0
https://en.wikipedia.org/wiki/Liberal_Wars,1828,1834,"Queen Mary II,United Kingdom,Spain",Miguel,Liberal Wars,Portugal,-1,-1,-1,-1,False,0
https://en.wikipedia.org/wiki/Russo-Turkish_War_(1828%E2%80%9329),1828,1829,Russian Empire,Ottoman Empire,Russo-Turkish War (1828–29),"Balkans,Caucasus",-1,-1,100001,unknown,False,0
https://en.wikipedia.org/wiki/Black_War,1828,1832,British Empire,Tasmanian Aborigines,Black War,Tasmania,437,1500,-1,-1,False,0
https://en.wikipedia.org/wiki/Chilean_Civil_War_of_1829%E2%80%9330,1829,1830,"Pelucones,Military of Chile,Chilean Army,Chilean Navy",Pipiolos,Chilean Civil War of 1829–30,Chile,-1,-1,-1,-1,False,0
https://en.wikipedia.org/wiki/Anglo-Khasi_War,1829,1833,British Empire,Khasi,Anglo-Khasi War,,-1,-1,-1,-1,False,0
https://en.wikipedia.org/wiki/Frei%C3%A4mtersturm,1830,1830,Freie Ämter militia,Canton of Aargau,Freiämtersturm,"Aarau,Canton of Aargau,Switzerland",unknown,unknown,6000,unknown,False,0
https://en.wikipedia.org/wiki/July_Revolution,1830,1830,House of Orléans,House of Bourbon,July Revolution,,-1,-1,-1,-1,False,0
https://en.wikipedia.org/wiki/November_Uprising,1830,1831,Russian Empire,,November Uprising,"Poland,Lithuania,right-bank Ukraine",40001,62232,150000,380000,False,0
https://en.wikipedia.org/wiki/Belgian_Revolution,1830,1831,Southern Provinces of the Netherlands,United Kingdom of the Netherlands,Belgian Revolution,The Low Countries,-1,-1,60001,50001,False,0
https://en.wikipedia.org/wiki/French_conquest_of_Algeria,1830,1847,France,,French conquest of Algeria,Algeria,480000,46,194769,unknown,False,0
https://en.wikipedia.org/wiki/Port_Phillip_District_Wars,1830,1850,British Empire,,Port Phillip District Wars,Port Phillip District,18,1719,-1,-1,False,0
https://en.wikipedia.org/wiki/Dutch_expedition_on_the_west_coast_of_Sumatra,1831,1831,Dutch Empire,,Dutch expedition on the west coast of Sumatra,,-1,-1,-1,-1,False,0
https://en.wikipedia.org/wiki/Merthyr_Rising,1831,1831,British Empire,,Merthyr Rising,,-1,-1,-1,-1,False,0
https://en.wikipedia.org/wiki/Turner%27s_Rebellion,1831,1831,United States,,Turner's Rebellion,"Southampton County, Virginia",163,120,-1,-1,False,0
https://en.wikipedia.org/wiki/Siamese%E2%80%93Vietnamese_War_(1831%E2%80%9334),1831,1834,"Viet Nam,Viet Nam protectorate of Cambodia",Siam,Siamese–Vietnamese War (1831–34),"Cambodia,Southern Vietnam",unknown,unknown,13075,50100,False,0
https://en.wikipedia.org/wiki/Baptist_War,1831,1832,British Empire,,Baptist War,Colony of Jamaica,14,207,unknown,60000,False,0
https://en.wikipedia.org/wiki/Naning_War,1831,1832,East India Company,,Naning War,,-1,-1,-1,-1,False,0
https://en.wikipedia.org/wiki/Egyptian%E2%80%93Ottoman_War_(1831%E2%80%9333),1831,1833,Egypt,"Ottoman Empire,Russian Empire",Egyptian–Ottoman War (1831–33),Ottoman Syrian,-1,-1,100000,140000,False,0
https://en.wikipedia.org/wiki/Yagan,1831,1833,British Empire,Yagan,Yagan,,-1,-1,-1,-1,False,0
https://en.wikipedia.org/wiki/Bosnian_Uprising_(1831%E2%80%9332),1831,1833,Ottoman Empire,,Bosnian Uprising (1831–32),Bosnia Eyalet,unknown,unknown,unknown,25001,False,0
https://en.wikipedia.org/wiki/Black_Hawk_War,1832,1832,"United States,Menominee,Potawatomi","British Band,Sauk,Fox,Kickapoo",Black Hawk War,"Illinois,Michigan Territory",79,1055,7331,1100,False,0
https://en.wikipedia.org/wiki/June_Rebellion,1832,1832,July Monarchy,,June Rebellion,Paris,418,385,30000,3000,False,0
https://en.wikipedia.org/wiki/Desert_Campaign_(1833%E2%80%9334),1833,1834,Argentina,,Desert Campaign (1833–34),Argentine Pampas,-1,-1,-1,-1,False,0
https://en.wikipedia.org/wiki/L%C3%AA_V%C4%83n_Kh%C3%B4i_revolt,1833,1835,Nguyễn Dynasty,Lê Văn Khôi,Lê Văn Khôi revolt,Southern Vietnam,1842,unknown,2001,unknown,False,0
https://en.wikipedia.org/wiki/Albanian_Revolts_of_1833%E2%80%9339,1833,1839,Ottoman Empire,,Albanian Revolts of 1833–39,,-1,-1,-1,-1,False,0
https://en.wikipedia.org/wiki/First_Carlist_War,1833,1840,"Queen Isabella II of Spain,British Empire,Kingdom of the French,Queen Mary II of Portugal","Carlists,Infante Carlos of Spain,King Miguel of Portugal",First Carlist War,Spain,75000,90250,-1,-1,False,0
https://en.wikipedia.org/wiki/Peruvian_civil_war_of_1834,1834,1834,Government of Peru,,Peruvian civil war of 1834,Peru,-1,-1,-1,-1,False,0
https://en.wikipedia.org/wiki/Coorg_War,1834,1834,,,Coorg War,,-1,-1,-1,-1,False,0
https://en.wikipedia.org/wiki/Priest_Jovica%27s_Rebellion,1834,1834,Ottoman Empire,,Priest Jovica's Rebellion,"Derventa,Gradačac,Bosnia Eyalet,Bosnia and Herzegovina",unknown,300,-1,-1,False,0
https://en.wikipedia.org/wiki/Peasants%27_Revolt_of_1834_(Palestine),1834,1834,Egypt Eyalet,,Peasants' Revolt of 1834 (Palestine),"Palestine,Transjordan,Egyptian,eyalets,Damascus,Sidon,Ottoman Empire",1,10000,26000,unknown,False,0
https://en.wikipedia.org/wiki/Battle_of_Pinjarra,1834,1834,British Empire,Pinjarup,Battle of Pinjarra,"Pinjarra, Western Australia",-1,-1,-1,-1,False,0
https://en.wikipedia.org/wiki/Xhosa_Wars#Sixth_war_.281834.E2.80.931836.29,1834,1836,"British Empire,Khoikhoi",Xhosa,Xhosa Wars,"Eastern Cape,South Africa,Cape Colony",-1,-1,-1,-1,False,0
https://en.wikipedia.org/wiki/1835%E2%80%9358_revolt_in_Ottoman_Tripolitania,1835,1858,Ottoman Empire,,1835–58 revolt in Ottoman Tripolitania,Ottoman Tripolitania,-1,-1,-1,-1,False,0
https://en.wikipedia.org/wiki/Salaverry-Santa_Cruz_War,1835,1836,"Luis José de Orbegoso,Andrés de Santa Cruz",Felipe Santiago Salaverry,Salaverry-Santa Cruz War,Peru,-1,-1,5000,15500,False,0
https://en.wikipedia.org/wiki/League_War,1835,1835,San José,"Alajuela,Cartago,Cartago",League War,Costa Rica,-1,-1,1000,4300,False,0
https://en.wikipedia.org/wiki/Mal%C3%AA_Revolt,1835,1835,Empire of Brazil,,Malê Revolt,"Salvador,Bahia,Empire of Brazil",7,380,3,600,False,0
https://en.wikipedia.org/wiki/Zacatecas_rebellion_of_1835,1835,1835,Mexico,,Zacatecas rebellion of 1835,Zacatecas,100,2973,3400,3000,False,0
https://en.wikipedia.org/wiki/Texas_Revolution,1835,1836,Republic of Texas,Mexico,Texas Revolution,Texas,800,1500,2000,6500,False,0
https://en.wikipedia.org/wiki/Second_Seminole_War,1835,1842,United States,Seminole,Second Seminole War,,1609,3021,49180,2415,False,0
https://en.wikipedia.org/wiki/Ragamuffin_War,1835,1845,Empire of Brazil,"Riograndense Republic,Juliana Republic",Ragamuffin War,Brazil,3001,3001,10001,20001,False,0
https://en.wikipedia.org/wiki/Cabanagem,1835,1840,Empire of Brazil,,Cabanagem,"Grão-Pará,Empire of Brazil,Belém,Brazil",40000,40000,19000,25000,False,0
https://en.wikipedia.org/wiki/Posavina_rebellion_(1836),1836,1836,Ottoman Empire,,Posavina rebellion (1836),,-1,-1,-1,-1,False,0
https://en.wikipedia.org/wiki/Belogradchik_rebellion_(1836),1836,1836,Ottoman Empire,,Belogradchik rebellion (1836),,-1,-1,-1,-1,False,0
https://en.wikipedia.org/wiki/Berkovitsa_rebellion_(1836),1836,1836,Ottoman Empire,,Berkovitsa rebellion (1836),,-1,-1,-1,-1,False,0
https://en.wikipedia.org/wiki/Pirot_rebellion,1836,1836,Ottoman Empire,,Pirot rebellion,"Pirot,Sanjak of Niš,Ottoman Empire",-1,-1,8000,8000,False,0
https://en.wikipedia.org/wiki/War_of_the_Confederation,1836,1839,"Chile,North Peru,Argentina",,War of the Confederation,"South American Pacific,coast and mountains of Peru",unknown,unknown,18895,15923,False,0
https://en.wikipedia.org/wiki/Siege_of_Herat_(1838),1837,1838,Emirate of Afghanistan,Qajar dynasty,Siege of Herat (1838),"Herat,Afghanistan",unknown,unknown,45000,40000,False,0
https://en.wikipedia.org/wiki/Revolt_of_1837_(New_Mexico),1837,1837,Mexico,,Revolt of 1837 (New Mexico),,-1,-1,-1,-1,False,0
https://en.wikipedia.org/wiki/Sabinada,1837,1838,Empire of Brazil,Bahia Republic,Sabinada,"Bahia,Brazil",-1,-1,-1,-1,False,0
https://en.wikipedia.org/wiki/Lower_Canada_Rebellion,1837,1838,"United Kingdom,British North America",Patriote movement,Lower Canada Rebellion,"Lower Canada,Quebec",135,1890,44380,29101,False,0
https://en.wikipedia.org/wiki/Upper_Canada_Rebellion,1837,1838,"United Kingdom,British North America",Republic of Canada,Upper Canada Rebellion,"Toronto,Upper Canada",-1,-1,-1,-1,False,0
https://en.wikipedia.org/wiki/Dutch%E2%80%93Ahanta_War,1837,1839,Dutch Empire,,Dutch–Ahanta War,"Dutch Gold Coast,Ghana",47,unknown,200,unknown,False,0
https://en.wikipedia.org/wiki/Yemeni%E2%80%93Ottoman_Conflicts#Muhammad_Ali's_Yemeni_Expediton,1838,1840,Ottoman Empire,Zaidis,Yemeni–Ottoman Conflicts,,-1,-1,-1,-1,False,0
https://en.wikipedia.org/wiki/Battle_of_Blood_River,1838,1838,Voortrekkers,Zulu kingdom,Battle of Blood River,"Ncome river,KwaZulu-Natal,South Africa",3,5000,1330,25000,False,0
https://en.wikipedia.org/wiki/1838_Mormon_War,1838,1838,,Latter Day Saint movement,1838 Mormon War,"Missouri,United States,Caldwell County,Carroll County,Daviess County,Livingston County",22,22,-1,-1,False,0
https://en.wikipedia.org/wiki/Balaiada,1838,1839,Empire of Brazil,Balaios,Balaiada,Brazil,3000,3000,22000,8000,False,0
https://en.wikipedia.org/wiki/Pastry_War,1838,1839,Kingdom of the French,Mexico,Pastry War,"Veracruz,Mexico",64,225,3000,3230,False,0
https://en.wikipedia.org/wiki/Newport_Rising,1839,1839,British Empire,Chartists,Newport Rising,Newport,72,4,6000,560,False,0
https://en.wikipedia.org/wiki/Z%C3%BCriputsch,1839,1839,Zürich,,Züriputsch,,-1,-1,-1,-1,False,0
https://en.wikipedia.org/wiki/Egyptian%E2%80%93Ottoman_War_(1839%E2%80%9341),1839,1841,"Egypt,Kingdom of the French,Spain","British Empire,Austrian Empire,Russian Empire,Kingdom of Prussia,Ottoman Empire",Egyptian–Ottoman War (1839–41),"Levant,Lebanon",-1,-1,-1,-1,False,0
https://en.wikipedia.org/wiki/Khivan_campaign_of_1839,1839,1840,Khanate of Khiva,Russian Empire,Khivan campaign of 1839,"Khiva,Uzbekistan,Kazakhstan,Turkmenistan",unknown,1054,unknown,5000,False,0
https://en.wikipedia.org/wiki/War_of_the_Supremes,1839,1841,,,War of the Supremes,Republic of New Granada,-1,-1,-1,-1,False,0
https://en.wikipedia.org/wiki/First_Anglo-Afghan_War,1839,1842,Emirate of Afghanistan,"British Empire,British East India Company",First Anglo-Afghan War,Afghanistan,15035,17242,25030,46700,False,0
https://en.wikipedia.org/wiki/First_Opium_War,1839,1842,British Empire,Qing Empire of China,First Opium War,,811,7104,38146,222212,False,0
https://en.wikipedia.org/wiki/Albanian_Revolt_of_1847,1839,1847,Ottoman Empire,,Albanian Revolt of 1847,Pashalik of Yanina,-1,-1,-1,-1,False,0
https://en.wikipedia.org/wiki/Uruguayan_Civil_War,1839,1851,"Colorados,Argentine Unitarians,Kingdom of the French,Riograndense Republic,British Empire,Empire of Brazil,Italian Legion","Blancos,Federalists,Argentine Confederation",Uruguayan Civil War,Uruguay,-1,-1,-1,-1,False,0
https://en.wikipedia.org/wiki/Cambodian_rebellion_(1840),1840,1841,"Rattanakosin Kingdom,Siam","Nguyễn dynasty,Vietnam",Cambodian rebellion (1840),"Cambodia,Cochinchina",unknown,unknown,20000,unknown,False,0
https://en.wikipedia.org/wiki/Eumerella_Wars,1840s,1860s,British Empire,Gunditjmara people,Eumerella Wars,,80,6500,unknown,unknown,False,0
https://en.wikipedia.org/wiki/Ni%C5%A1_Rebellion_(1841),1841,1841,Ottoman Empire,,Niš Rebellion (1841),,-1,-1,-1,-1,False,0
https://en.wikipedia.org/wiki/1841_rebellion_in_Guria,1841,1841,Russian Empire,,1841 rebellion in Guria,,164,unknown,3000,7000,False,0
https://en.wikipedia.org/wiki/Sino-Sikh_War,1841,1842,Sikh Empire,Qing Empire,Sino-Sikh War,"Tibet,Ladakh",-1,-1,16000,4000,False,0
https://en.wikipedia.org/wiki/Shoorcha_rebellion,1842,1842,Russian Empire,,Shoorcha rebellion,,-1,-1,-1,-1,False,0
https://en.wikipedia.org/wiki/Russian_Conquest_of_Bukhara,1842,1868,Russian Empire,Emirate of Bukhara,Russian Conquest of Bukhara,Uzbekistan,unknown,unknown,unknown,unknown,False,0
https://en.wikipedia.org/wiki/Mier_expedition,1842,1843,Mexico,Republic of Texas,Mier expedition,"Ciudad Mier,Tamaulipas",850,273,3000,308,False,0
https://en.wikipedia.org/wiki/Peruvian_civil_war_of_1843%E2%80%931844,1843,1844,,,Peruvian civil war of 1843–1844,Peru,-1,-1,-1,-1,False,0
https://en.wikipedia.org/wiki/Albanian_Revolt_of_1843%E2%80%9344,1843,1844,Ottoman Empire,,Albanian Revolt of 1843–44,"Ottoman Albania,Albania,Kosovo,Serbia,North Macedonia",12,unknown,30000,10002,False,0
https://en.wikipedia.org/wiki/Wairau_Affray,1843,1843,Ngati Toa Iwi,,Wairau Affray,,-1,-1,-1,-1,False,0
https://en.wikipedia.org/wiki/Battle_of_One_Tree_Hill,1843,1843,,,Battle of One Tree Hill,"Darling Downs,Queensland,Australia",-1,-1,18,100,False,0
https://en.wikipedia.org/wiki/Dominican_War_of_Independence,1844,1849,Dominican Republic,Haiti,Dominican War of Independence,Hispaniola,20,3000,15000,40000,False,0
https://en.wikipedia.org/wiki/Franco-Moroccan_War,1844,1844,France,Morocco,Franco-Moroccan War,Morocco,205,898,15015,45300,False,0
https://en.wikipedia.org/wiki/Franco-Tahitian_War,1844,1847,France,"Tahiti,Huahine,Raiatea,Bora Bora,Tahaa",Franco-Tahitian War,Society Islands,-1,-1,-1,-1,False,0
https://en.wikipedia.org/wiki/Albanian_Revolt_of_1845,1845,1845,Ottoman Empire,,Albanian Revolt of 1845,"Ottoman Albania,Albania,Kosovo,Yakova,Macedonia,Reka",-1,-1,3000,8005,False,0
https://en.wikipedia.org/wiki/First_Anglo-Sikh_War,1845,1846,British East India Company,Sikh Empire,First Anglo-Sikh War,Moodkee,-1,-1,-1,-1,False,0
https://en.wikipedia.org/wiki/Flagstaff_War,1845,1846,Ngapuhi Iwi,"British Empire,Tamati Waka Nene",Flagstaff War,"Northland,New Zealand",246,382,2089,900,False,0
https://en.wikipedia.org/wiki/Revolution_of_Maria_da_Fonte,1846,1846,Portuguese Empire,,Revolution of Maria da Fonte,,-1,-1,-1,-1,False,0
https://en.wikipedia.org/wiki/Hutt_Valley_Campaign,1846,1846,"British Empire,Te Ati Awa Iwi",Ngati Toa Iwi,Hutt Valley Campaign,"Hutt Valley,New Zealand",-1,-1,-1,-1,False,0
https://en.wikipedia.org/wiki/Krak%C3%B3w_uprising,1846,1846,Austrian Empire,Polish independence movement,Kraków uprising,"Free City of Kraków,Poland",3000,unknown,unknown,unknown,False,0
https://en.wikipedia.org/wiki/Galician_slaughter,1846,1846,Austrian Empire,,Galician slaughter,,-1,-1,-1,-1,False,0
https://en.wikipedia.org/wiki/Dutch_intervention_in_Northern_Bali_(1846),1846,1846,Netherlands,Bali,Dutch intervention in Northern Bali (1846),,-1,-1,-1,-1,False,0
https://en.wikipedia.org/wiki/Revolt_of_the_Faiti%C3%B5es,1846,1846,Portuguese Empire,,Revolt of the Faitiões,,-1,-1,-1,-1,False,0
https://en.wikipedia.org/wiki/Patuleia,1846,1847,Cartistas,"Septembrists,Miguelists",Patuleia,,-1,-1,-1,-1,False,0
https://en.wikipedia.org/wiki/Xhosa_Wars#Seventh_war_.281846.E2.80.931847.29,1846,1847,British Empire,Xhosa,Xhosa Wars,"Eastern Cape,South Africa,Cape Colony",-1,-1,-1,-1,False,0
https://en.wikipedia.org/wiki/Second_Carlist_War,1846,1849,Queen Isabella II of Spain,Carlists,Second Carlist War,Spain,-1,-1,100000,500000,False,0
https://en.wikipedia.org/wiki/Mexican%E2%80%93American_War,1846,1848,United States,Mexico,Mexican–American War,,5888,9002,73533,82001,False,0
https://en.wikipedia.org/wiki/Wanganui_Campaign,1846,1848,"British Empire,Kupapa",,Wanganui Campaign,,4,15,600,600,False,0
https://en.wikipedia.org/wiki/Sonderbund_War,1847,1847,Swiss Confederation,,Sonderbund War,,790,159,99000,79000,False,0
https://en.wikipedia.org/wiki/Sierra_Gorda#History,1847,1850,Mexico,,Sierra Gorda,,-1,-1,-1,-1,False,0
https://en.wikipedia.org/wiki/Cayuse_War,1847,1855,United States,Cayuse,Cayuse War,"Oregon Country,Oregon Territory",-1,-1,500,500,False,0
https://en.wikipedia.org/wiki/Caste_War_of_Yucat%C3%A1n,1847,1933,Mexico,Maya,Caste War of Yucatán,"Yucatán Peninsula,Mexico,British Honduras",300001,300001,-1,-1,False,0
https://en.wikipedia.org/wiki/Revolutions_of_1848_in_the_Italian_states,1848,1849,"Austrian Empire,Kingdom of Two Sicilies,Papal States","Kingdom of Sicily,Provisional Government of Milan,Republic of San Marco,Roman Republic,Central Italy Rebels,Kingdom of Sardinia",Revolutions of 1848 in the Italian states,Italy,-1,-1,-1,-1,False,0
https://en.wikipedia.org/wiki/Greater_Poland_Uprising_(1848),1848,1848,Kingdom of Prussia,Polish rebels,Greater Poland Uprising (1848),"Grand Duchy of Posen,Prussian Partition of Poland",640,500,29005,70000,False,0
https://en.wikipedia.org/wiki/French_Revolution_of_1848,1848,1848,Second French Republic,July Monarchy,French Revolution of 1848,,850,850,70000,70000,False,0
https://en.wikipedia.org/wiki/Revolutions_of_1848_in_the_German_states,1848,1849,"German Confederation,Austrian Empire,Baden,Prussia,Kingdom of Saxony,Bavaria",,Revolutions of 1848 in the German states,"German states,Central Europe",-1,-1,45000,400000,False,0
https://en.wikipedia.org/wiki/Baden_Revolution,1848,1849,Baden,Freischar,Baden Revolution,,-1,-1,-1,-1,False,0
https://en.wikipedia.org/wiki/May_Uprising_in_Dresden,1849,1849,"Prussia,Kingdom of Saxony",Freischar,May Uprising in Dresden,"Dresden,Saxony",1511,125,3000,5000,False,0
https://en.wikipedia.org/wiki/Palatine_uprising,1849,1849,Kingdom of Bavaria,Freischar,Palatine uprising,,-1,-1,-1,-1,False,0
https://en.wikipedia.org/wiki/Revolutions_of_1848_in_the_Habsburg_areas,1848,1849,,,Revolutions of 1848 in the Habsburg areas,,-1,-1,-1,-1,False,0
https://en.wikipedia.org/wiki/Wallachian_Revolution_of_1848,1848,1848,"Ottoman Empire,Russian Empire",Wallachia,Wallachian Revolution of 1848,"Dealul Spirii,Bucharest,Wallachia,Romania",104,558,900,4000,False,0
https://en.wikipedia.org/wiki/Sicilian_revolution_of_independence_of_1848,1848,1849,"Kingdom of the Two Sicilies,Kingdom of Spain","Kingdom of Sicily,Congress Poland",Sicilian revolution of independence of 1848,"Sicily,Kingdom of Two Sicilies",unknown,unknown,20000,unknown,False,0
https://en.wikipedia.org/wiki/Dutch_intervention_in_Northern_Bali_(1848),1848,1848,Netherlands,Bali,Dutch intervention in Northern Bali (1848),,-1,-1,-1,-1,False,0
https://en.wikipedia.org/wiki/Matale_rebellion,1848,1848,British Empire,,Matale rebellion,British Ceylon,unknown,unknown,4000,unknown,False,0
https://en.wikipedia.org/wiki/First_Italian_War_of_Independence,1848,1849,Austrian Empire,"Kingdom of Sardinia,Grand Duchy of Tuscany,Papal States,Kingdom of the Two Sicilies",First Italian War of Independence,"Lombardy–Venetia,Piedmont",34803,15580,137000,140002,False,0
https://en.wikipedia.org/wiki/Second_Anglo-Sikh_War,1848,1849,"British Empire,British East India Company",Sikh Empire,Second Anglo-Sikh War,Punjab,-1,-1,-1,-1,False,0
https://en.wikipedia.org/wiki/Hungarian_Revolution_of_1848,1848,1849,"Austrian Empire,Russian Empire",Hungary,Hungarian Revolution of 1848,"Kingdom of Hungary,Austrian Empire",-1,-1,370002,170003,False,0
https://en.wikipedia.org/wiki/Serb_Uprising_of_1848%E2%80%9349,1848,1849,"Serbian volunteers,Austrian Empire",Hungary,Serb Uprising of 1848–49,"Kingdom of Hungary,Vojvodina,Serbia",-1,-1,21188,21188,False,0
https://en.wikipedia.org/wiki/Praieira_revolt,1848,1849,Empire of Brazil,Praieiros,Praieira revolt,Pernambuco,830,1694,3500,2800,False,0
https://en.wikipedia.org/wiki/Slovak_Uprising_of_1848%E2%80%9349,1848,1849,Slovak National Council,Kingdom of Hungary,Slovak Uprising of 1848–49,"Upper Hungary,Western Slovakia",unknown,unknown,unknown,unknown,False,0
https://en.wikipedia.org/wiki/First_Schleswig_War,1848,1851,Denmark,"Prussia,Kingdom of Saxony",First Schleswig War,"Schleswig,Jutland",8309,8695,-1,-1,False,0
https://en.wikipedia.org/wiki/Dutch_intervention_in_Bali_(1849),1849,1850,"Netherlands,Lombok","Buleleng,Jembrana,Klungkung",Dutch intervention in Bali (1849),"Bali,Indonesia",34,1000,8100,33000,False,0
https://en.wikipedia.org/wiki/Yemeni%E2%80%93Ottoman_Conflicts#Yemeni_Expedition_of_1849,1849,1849,Zaidis,Ottoman Empire,Yemeni–Ottoman Conflicts,,-1,-1,-1,-1,False,0
https://en.wikipedia.org/wiki/Burmese%E2%80%93Siamese_War_(1849%E2%80%9355),1849,1855,Burma,Siam,Burmese–Siamese War (1849–55),"Kengtung,Trans-Salween region",unknown,unknown,3000,unknown,False,0
https://en.wikipedia.org/wiki/Apache_Wars,1849,1924,"United States,Confederate States","Apacheria,Chiricahua Apache,Jicarilla Apache,Mescalero Apache,Lipan Apache,Western Apache,Plains Apache,Ute,Yavapai,Comanche,Cheyenne,Kiowa,Yuma,Mohave",Apache Wars,Southwestern United States,-1,-1,-1,-1,False,0
https://en.wikipedia.org/wiki/Operations_against_the_Baizai_(1849),1849,1849,British Empire,Baizai,Operations against the Baizai (1849),,47,unknown,2300,unknown,False,0
https://en.wikipedia.org/wiki/Soninke-Marabout_War_(1850%E2%80%931856),1850,1856,"British Empire,French Empire",Kingdom of the Kombo,Soninke-Marabout War (1850–1856),Kingdom of Kombo,124,unknown,1952,unknown,False,0
https://en.wikipedia.org/wiki/1851_Chilean_Revolution,1851,1851,Chile,,1851 Chilean Revolution,Chile,-1,-1,-1,-1,False,0
https://en.wikipedia.org/wiki/Taiping_Rebellion,1850,1864,"Qing Empire of China,British Empire,French Empire",Taiping Heavenly Kingdom,Taiping Rebellion,,50,50,3400001,2000002,False,0
https://en.wikipedia.org/wiki/Eighth_Xhosa_War,1850,1853,British Empire,"Xhosa,Khoikhoi",Eighth Xhosa War,Cape Colony,-1,-1,-1,-1,False,0
https://en.wikipedia.org/wiki/1851_French_coup_d%27%C3%A9tat,1851,1851,French Second Republic,,1851 French coup d'état,,-1,-1,-1,-1,False,0
https://en.wikipedia.org/wiki/Platine_War,1851,1852,"Empire of Brazil,Uruguay,Entre Ríos,Corrientes,Santa Fe","Argentine Confederation,Blancos",Platine War,"Uruguay,Río de la Plata",6500,11000,42207,34505,False,0
https://en.wikipedia.org/wiki/Palembang_Highlands_Expeditions,1851,1855,Dutch Empire,,Palembang Highlands Expeditions,,-1,-1,-1,-1,False,0
https://en.wikipedia.org/wiki/California_Indian_Wars,1851,1865,United States,"Miwok,Yokut,Cahuilla,Cupeno,Quechan,Yurok,Karuk,Tolowa,Nomlaki,Chimariko,Wintun,Hupa,Tsnungwe,Wiyot,Whilkut,Yuki",California Indian Wars,,-1,-1,-1,-1,False,0
https://en.wikipedia.org/wiki/Nian_Rebellion,1851,1868,Qing Dynasty,,Nian Rebellion,,100006,100006,500000,200006,False,0
https://en.wikipedia.org/wiki/Kautokeino_rebellion,1852,1852,Norway,Sami,Kautokeino rebellion,,-1,-1,-1,-1,False,0
https://en.wikipedia.org/wiki/Second_Anglo-Burmese_War,1852,1852,British Empire,Burma,Second Anglo-Burmese War,Lower Burma,-1,-1,-1,-1,False,0
https://en.wikipedia.org/wiki/Montenegrin%E2%80%93Ottoman_War_(1852%E2%80%9353),1852,1853,Montenegro,Ottoman Empire,Montenegrin–Ottoman War (1852–53),"Montenegro,Herzegovina Eyalet,Ottoman Empire",2000,5000,15000,40000,False,0
https://en.wikipedia.org/wiki/Herzegovina_Uprising_(1852%E2%80%9362),1852,1862,Ottoman Empire,,Herzegovina Uprising (1852–62),,-1,-1,-1,-1,False,0
https://en.wikipedia.org/wiki/Crimean_War,1853,1856,"Ottoman Empire,French Empire,British Empire,Kingdom of Sardinia,Caucasian Imamate,Circassia,Egypt Eyalet,Beylik of Tunis","Russian Empire,Bulgarian volunteers,Principality of Mingrelia,Kurdish,Kingdom of Greece",Crimean War,"Crimean Peninsula,Caucasus,Balkans,Black Sea,Baltic Sea,White Sea,Far East",223513,530000,673700,889000,False,0
https://en.wikipedia.org/wiki/1854_Macedonian_rebellion,1854,1854,Ottoman Empire,,1854 Macedonian rebellion,,-1,-1,-1,-1,False,0
https://en.wikipedia.org/wiki/Expedition_against_the_Chinese_in_Montrado,1854,1855,Netherlands,China,Expedition against the Chinese in Montrado,Borneo,-1,-1,146,unknown,False,0
https://en.wikipedia.org/wiki/Epirus_Revolt_of_1854,1854,1854,Ottoman Empire,,Epirus Revolt of 1854,,-1,-1,-1,-1,False,0
https://en.wikipedia.org/wiki/Revolution_of_Ayutla,1854,1857,Mexican rebels,Santa Anna dictatorship,Revolution of Ayutla,Mexico,-1,-1,-1,-1,False,0
https://en.wikipedia.org/wiki/Expedition_against_the_Chinese_in_Montrado,1854,1855,Dutch Empire,,Expedition against the Chinese in Montrado,Borneo,-1,-1,146,unknown,False,0
https://en.wikipedia.org/wiki/Miao_Rebellion_(1854%E2%80%9373),1854,1873,Qing Empire of China,Miao people,Miao Rebellion (1854–73),"Guizhou,China",unknown,13,-1,-1,False,0
https://en.wikipedia.org/wiki/French_conquest_of_Senegal,1854,1860,Second French Empire,"Kingdom of Waalo,Toucouleur Empire",French conquest of Senegal,Senegal,-1,-1,-1,-1,False,0
https://en.wikipedia.org/wiki/Red_Turban_Rebellion_(1854%E2%80%9356),1854,1856,Qing Empire of China,Tiandihui,Red Turban Rebellion (1854–56),Guangdong,-1,-1,-1,-1,False,0
https://en.wikipedia.org/wiki/Bleeding_Kansas,1854,1861,,,Bleeding Kansas,Kansas Territory,101,131,-1,-1,False,0
https://en.wikipedia.org/wiki/First_Fiji_Expedition,1855,1855,United States,Fiji,First Fiji Expedition,"Lautoka,Viti Levu,Fiji",3,unknown,1,unknown,False,0
https://en.wikipedia.org/wiki/Nepalese%E2%80%93Tibetan_War,1855,1856,Kingdom of Nepal,Tibet,Nepalese–Tibetan War,Tibet,-1,-1,98000,34906,False,0
https://en.wikipedia.org/wiki/Santhal_rebellion,1855,1856,"British Raj,Zamindars",Santal,Santhal rebellion,,-1,-1,-1,-1,False,0
https://en.wikipedia.org/wiki/Yakima_War,1855,1858,United States,Yakama,Yakima War,Washington Territory,-1,-1,-1,-1,False,0
https://en.wikipedia.org/wiki/Rogue_River_Wars,1855,1855,United States,Rogue River,Rogue River Wars,"Oregon,United States",95,101,-1,-1,False,0
https://en.wikipedia.org/wiki/Battle_of_Ash_Hollow,1855,1855,United States,"Brulé,Sioux",Battle of Ash Hollow,"Ash Hollow, Nebraska",156,27,250,600,False,0
https://en.wikipedia.org/wiki/Puget_Sound_War,1855,1856,United States,"Nisqually,Muckleshoot,Puyallup,Klickitat,Haida,Tlingit",Puget Sound War,Washington Territory,-1,-1,-1,-1,False,0
https://en.wikipedia.org/wiki/Seminole_Wars#Third_Seminole_War,1855,1858,United States,Seminole,Seminole Wars,"Spanish Florida,Florida",3515,unknown,48006,1506,False,0
https://en.wikipedia.org/wiki/Nias_Expedition,1855,1864,Dutch Empire,,Nias Expedition,,-1,-1,-1,-1,False,0
https://en.wikipedia.org/wiki/Punti-Hakka_Clan_Wars,1855,1867,Punti,Hakka,Punti-Hakka Clan Wars,"Guangdong,China,Pearl River Delta,Taishan,Sze Yup",-1,-1,-1,-1,False,0
https://en.wikipedia.org/wiki/Peruvian_civil_war_of_1856%E2%80%931858,1856,1857,,,Peruvian civil war of 1856–1858,,11000,7000,21003,18000,False,0
https://en.wikipedia.org/wiki/Filibuster_War,1856,1857,"Nicaragua,Costa Rica,Honduras,Mosquito Coast,Guatemala,El Salvador,United Kingdom,United States",Filibusters,Filibuster War,"Costa Rica,Nicaragua",1003,10826,5213,6500,False,0
https://en.wikipedia.org/wiki/Khost_rebellion_(1856%E2%80%931857),1856,1857,Emirate of Afghanistan,"Khostwal,Waziri",Khost rebellion (1856–1857),,-1,-1,-1,-1,False,0
https://en.wikipedia.org/wiki/Campaign_of_1856%E2%80%9357,1856,1857,"Costa Rica,Guatemala,El Salvador,Honduras,Patricio Rivas,British Empire,The Mosquito Coast","Republic of Sonora,Nicaragua",Campaign of 1856–57,"Costa Rica,Nicaragua",1003,10826,5213,6500,False,0
https://en.wikipedia.org/wiki/Second_Opium_War,1856,1860,"United Kingdom,French Empire,United States",Qing Empire of China,Second Opium War,,992,7955,20130,200000,False,0
https://en.wikipedia.org/wiki/Anglo-Persian_War,1856,1857,"British Empire,East India Company,Afghanistan",Persia,Anglo-Persian War,"Persia,Iran,Afghanistan,British India",-1,-1,unknown,unknown,False,0
https://en.wikipedia.org/wiki/Panthay_Rebellion,1856,1873,Qing Empire of China,Pingnan Guo,Panthay Rebellion,"Yunnan,Qing Empire",1000000,1000000,unknown,unknown,False,0
https://en.wikipedia.org/wiki/Cheyenne#Punitive_US_expedition_of_1857,1856,1857,United States,Cheyenne,Cheyenne,,-1,-1,-1,-1,False,0
https://en.wikipedia.org/wiki/Indian_Rebellion_of_1857,1857,1858,"British Empire,British East India Company,Nepal,Jammu and Kashmir,Princely states","Sepoys of the East India Company,Mughal Empire,Awadh,Jhansi,Princely states",Indian Rebellion of 1857,India,807877,807877,-1,-1,False,0
https://en.wikipedia.org/wiki/Utah_War,1857,1858,United States,"State of Deseret,Utah Territory,Nauvoo Legion",Utah War,"Utah Territory,Utah,Wyoming",38,unknown,2500,unknown,False,0
https://en.wikipedia.org/wiki/Ecuadorian%E2%80%93Peruvian_War_(1857%E2%80%931860),1857,1860,Peru,Ecuador,Ecuadorian–Peruvian War (1857–1860),"Guayas Province,Ecuador",-1,-1,-1,-1,False,0
https://en.wikipedia.org/wiki/Reform_War,1857,1861,"Liberals,US",Conservatives,Reform War,Mexico,8713,11355,78570,54889,False,0
https://en.wikipedia.org/wiki/Pahang_Civil_War,1857,1863,"Wan Ahmad,Terengganu Sultanate,Rattanakosin Kingdom","Tun Mutahir,Johor,United Kingdom",Pahang Civil War,Pahang Kingdom,-1,-1,-1,-1,False,0
https://en.wikipedia.org/wiki/Mahtra_War,1858,1858,Russian Empire,Estonian peasants,Mahtra War,,-1,-1,-1,-1,False,0
https://en.wikipedia.org/wiki/Coeur_d%27Alene_War,1858,1858,United States,"Spokane,Paloos,Northern Paiute",Coeur d'Alene War,,-1,-1,-1,-1,False,0
https://en.wikipedia.org/wiki/Fraser_Canyon_War,1858,1858,"United States,British Empire",,Fraser Canyon War,"Fraser Canyon,British Columbia",-1,-1,-1,-1,False,0
https://en.wikipedia.org/wiki/Pecija%27s_First_Revolt,1858,1858,Ottoman Empire,,Pecija's First Revolt,"Bosanska Krajina,Bosnia Eyalet",unknown,104,4941,4941,False,0
https://en.wikipedia.org/wiki/Cochinchina_Campaign,1858,1862,"Second French Empire,Kingdom of Spain",Dai Nam,Cochinchina Campaign,Vietnam,1000,unknown,3014,10000,False,0
https://en.wikipedia.org/wiki/Indigo_revolt,1859,1859,British Empire,,Indigo revolt,,-1,-1,-1,-1,False,0
https://en.wikipedia.org/wiki/Second_Fiji_Expedition,1859,1859,United States,Fiji,Second Fiji Expedition,Waya,7,165,52,300,False,0
https://en.wikipedia.org/wiki/Second_Italian_War_of_Independence,1859,1859,"Second French Empire,Kingdom of Sardinia",Austrian Empire,Second Italian War of Independence,"Lombardy-Venetia,Piedmont,Austrian Littoral",25720,12568,184403,198824,False,0
https://en.wikipedia.org/wiki/Revolution_of_1859,1859,1859,Chile,,Revolution of 1859,Chile,-1,-1,15600,2000,False,0
https://en.wikipedia.org/wiki/Pig_War_(1859),1859,1872,United States,United Kingdom,Pig War (1859),San Juan Islands,-1,-1,475,2215,False,0
https://en.wikipedia.org/wiki/Hispano-Moroccan_War_(1859%E2%80%9360),1859,1860,Spain,Morocco,Hispano-Moroccan War (1859–60),Morocco,13075,6000,40000,85000,False,0
https://en.wikipedia.org/wiki/Banjarmasin_War,1859,1863,Dutch Empire,Sultanate of Banjar,Banjarmasin War,"Kalimantan,Borneo",-1,-1,-1,-1,False,0
https://en.wikipedia.org/wiki/Federal_War,1859,1863,,,Federal War,"Barinas,Portuguesa,Cojedes,Apure,Guárico,Venezuela",100001,100001,-1,-1,False,0
https://en.wikipedia.org/wiki/1859_Perugia_uprising,1859,1859,Papal States,,1859 Perugia uprising,,-1,-1,-1,-1,False,0
https://en.wikipedia.org/wiki/Expedition_of_the_Thousand,1860,1860,Kingdom of Italy,"Two Sicilies,Papal States",Expedition of the Thousand,"Sicily,Southern Italy",-1,-1,-1,-1,False,0
https://en.wikipedia.org/wiki/1860_Mount_Lebanon_civil_war,1860,1860,"Jumblatt clan,Harfush clan","Zahalni,Shihab dynasty",1860 Mount Lebanon civil war,"Mount Lebanon,Beqaa Valley,Galilee,Damascus,Ottoman Empire",24002,24002,50000,12000,False,0
https://en.wikipedia.org/wiki/Paiute_War,1860,1860,United States,Paiute,Paiute War,"Pyramid Lake,Nevada",119,61,856,500,False,0
https://en.wikipedia.org/wiki/First_Taranaki_War,1860,1861,Maori King Movement,New Zealand,First Taranaki War,Taranaki,238,200,3500,800,False,0
https://en.wikipedia.org/wiki/Colombian_Civil_War_(1860%E2%80%9362),1860,1862,Granadine Confederation,Federal State of Cauca,Colombian Civil War (1860–62),Colombia,15000,4000,40000,10000,False,0
https://en.wikipedia.org/wiki/Barasa%E2%80%93Ubaidat_War,1860,1890,,,Barasa–Ubaidat War,,-1,-1,-1,-1,False,0
https://en.wikipedia.org/wiki/Occupation_of_Araucan%C3%ADa,1861,1883,Chile,Araucanía,Occupation of Araucanía,Araucanía,1400,1400,-1,-1,False,0
https://en.wikipedia.org/wiki/American_Civil_War,1861,1865,United States of America,Confederate States of America,American Civil War,"United States,Atlantic Ocean",828000,864000,2898005,2110011,False,0
https://en.wikipedia.org/wiki/French_intervention_in_Mexico,1861,1867,"United Mexican States,United States of America","Second French Empire,Second Mexican Empire,Austrian Empire,Belgian Foreign Legion,Egyptian,Sudanese,Kingdom of Spain,United Kingdom",French intervention in Mexico,Mexico,84559,14012,73000,78104,False,0
https://en.wikipedia.org/wiki/Dakota_War_of_1862,1862,1862,United States,Dakota Sioux,Dakota War of 1862,"Minnesota,Dakota Territory",467,112058,-1,-1,False,0
https://en.wikipedia.org/wiki/Dungan_Revolt_(1862%E2%80%9377),1862,1877,Qing Empire of China,Muslims of China,Dungan Revolt (1862–77),"Shaanxi,Gansu,Ningxia,Xinjiang",-1,-1,120000,unknown,False,0
https://en.wikipedia.org/wiki/Ecuadorian%E2%80%93Colombian_War,1863,1863,United States of Colombia,Ecuador,Ecuadorian–Colombian War,United States of Colombia,3500,unknown,6000,4000,False,0
https://en.wikipedia.org/wiki/Battle_of_Shimonoseki_Straits,1863,1863,United States,Chōshū Domain,Battle of Shimonoseki Straits,"Shimonoseki Straits,Honshu",12,47,199,7,False,0
https://en.wikipedia.org/wiki/Bombardment_of_Kagoshima,1863,1863,British Empire,Satsuma Domain,Bombardment of Kagoshima,"Kagoshima,Satsuma Domain,Japan",75,514,7,83,False,0
https://en.wikipedia.org/wiki/Shimonoseki_Campaign,1863,1864,"British Empire,Netherlands,United States,Second French Empire","Choshu Domain,Chofu Domain,Kiheitai Volunteers",Shimonoseki Campaign,"Shimonoseki,Yamaguchi,Japan",74,47,2028,1646,False,0
https://en.wikipedia.org/wiki/Ambela_Campaign,1863,1864,British Raj,"Pashtuns,Yusufzai",Ambela Campaign,"Emirate of Afghanistan,North-west frontier province",909,909,6000,15000,False,0
https://en.wikipedia.org/wiki/Invasion_of_Waikato,1863,1864,"New Zealand,Kupapa",Maori King Movement,Invasion of Waikato,Waikato,700,1081,14000,4170,False,0
https://en.wikipedia.org/wiki/Anglo-Ashanti_Wars#Second_Anglo-Ashanti_War,1863,1864,Ashanti Empire,British Empire,Anglo-Ashanti Wars,"Asanteman,West Africa,Ghana",1100,2300,-1,-1,False,0
https://en.wikipedia.org/wiki/Dominican_Restoration_War,1863,1865,Dominican Republic,Spain,Dominican Restoration War,Dominican Republic,4039,70891,32000,63001,False,0
https://en.wikipedia.org/wiki/January_Uprising,1863,1865,Russian Empire,,January Uprising,"Poland,Lithuania,Belarus,Ukraine,part,Russian Empire",89003,4503,200020,unknown,False,0
https://en.wikipedia.org/wiki/Colorado_War,1863,1865,United States,"Cheyenne,Arapaho",Colorado War,"Colorado,Wyoming,Nebraska",-1,-1,-1,-1,False,0
https://en.wikipedia.org/wiki/Second_Taranaki_War,1863,1866,British Empire,,Second Taranaki War,Taranaki,-1,-1,5000,1500,False,0
https://en.wikipedia.org/wiki/Kinmon_Incident,1864,1864,"Tokugawa Shogunate,Satsuma Domain","Aizu,Choshu Domain,Sonno joi",Kinmon Incident,Kyoto,400,28060,6000,50000,False,0
https://en.wikipedia.org/wiki/Second_Schleswig_War,1864,1864,"German Confederation,Austrian Empire,Kingdom of Prussia",Denmark,Second Schleswig War,"Schleswig,Jutland,Holstein,Lauenburg",3833,13093,81223,38101,False,0
https://en.wikipedia.org/wiki/Battle_of_Dybb%C3%B8l,1864,1864,Prussia,Denmark,Battle of Dybbøl,"Dybbøl,Denmark",1201,4834,37127,11083,False,0
https://en.wikipedia.org/wiki/Tauranga_Campaign,1864,1864,"New Zealand,Kupapa",Ngai Te Rangi Iwi,Tauranga Campaign,"Bay of Plenty,New Zealand",163,250,1700,500,False,0
https://en.wikipedia.org/wiki/Uruguayan_War,1864,1865,"Empire of Brazil,Colorados",Uruguay,Uruguayan War,"Uruguay,Empire of Brazil",-1,-1,-1,-1,False,0
https://en.wikipedia.org/wiki/Mejba_Revolt,1864,1865,Beylik of Tunis,,Mejba Revolt,Beylik of Tunis,-1,-1,10000,7000,False,0
https://en.wikipedia.org/wiki/Mito_Rebellion,1864,1865,"Tokugawa Shogunate,Mito Domain",Sonno joi,Mito Rebellion,,1753,6700,2000,10000,False,0
https://en.wikipedia.org/wiki/Bhutan_War,1864,1865,British Empire,Bhutan,Bhutan War,"Koch Hajo,Koch Behar",-1,-1,-1,-1,False,0
https://en.wikipedia.org/wiki/Chincha_Islands_War,1864,1866,"Peru,Chile,Ecuador,Bolivia",Spain,Chincha Islands War,,301,700,-1,-1,False,0
https://en.wikipedia.org/wiki/Snake_War,1864,1868,United States,"Shoshone,Bannock,Paiute",Snake War,"Oregon,Nevada,California,Idaho",1762,1762,227,unknown,False,0
https://en.wikipedia.org/wiki/Pasoemah_Expedition,1864,1868,Dutch Empire,,Pasoemah Expedition,,-1,-1,-1,-1,False,0
https://en.wikipedia.org/wiki/Paraguayan_War,1864,1870,"Uruguay,Argentina,Empire of Brazil",Paraguay,Paraguayan War,"Paraguay,Brazil,Argentina",200000,175000,235583,300000,False,0
https://en.wikipedia.org/wiki/Peruvian_civil_war_of_1865,1865,1865,,Government of Peru,Peruvian civil war of 1865,Peru,-1,-1,-1,-1,False,0
https://en.wikipedia.org/wiki/Abdul_Rahman_bin_Faisal#Royal_Civil_War,1865,1875,Saud,Rahman,Abdul Rahman bin Faisal,,-1,-1,-1,-1,False,0
https://en.wikipedia.org/wiki/Black_Hawk_War_(1865%E2%80%9372),1865,1872,United States,"Ute,Paiute,Navajo,Apache",Black Hawk War (1865–72),"Utah,Colorado,Arizona,New Mexico,Four Corners",-1,-1,-1,-1,False,0
https://en.wikipedia.org/wiki/Powder_River_Expedition_(1865),1865,1865,United States,"Arapaho,Sioux,Cheyenne",Powder River Expedition (1865),"Powder River Country,Montana,Wyoming,South Dakota,Nebraska,United States",46,131,2674,2000,False,0
https://en.wikipedia.org/wiki/Morant_Bay_rebellion,1865,1865,British Empire,,Morant Bay rebellion,"Morant Bay,Jamaica",-1,-1,-1,-1,False,0
https://en.wikipedia.org/wiki/Hualapai_War_(1865-70),1865,1870,United States,Hualapai,Hualapai War (1865-70),Arizona Territory,-1,-1,unknown,251,False,0
https://en.wikipedia.org/wiki/Seqiti_War,1865,1866,British Empire,Orange Free State,Seqiti War,"South Africa,Lesotho",-1,-1,-1,-1,False,0
https://en.wikipedia.org/wiki/East_Cape_War,1865,1868,"New Zealand,Kupapa",,East Cape War,New Zealand,-1,-1,-1,-1,False,0
https://en.wikipedia.org/wiki/Russo-Bukharan_Wars,1865,1868,Russian Empire,Emirate of Bukhara,Russo-Bukharan Wars,Uzbekistan,unknown,unknown,unknown,unknown,False,0
https://en.wikipedia.org/wiki/Haw_wars,1865,1890,Kingdom of Siam,,Haw wars,,-1,-1,-1,-1,False,0
https://en.wikipedia.org/wiki/Second_Ch%C5%8Dsh%C5%AB_expedition,1866,1866,Choshu Domain,"Tokugawa Shogunate,Aizu",Second Chōshū expedition,,261,unknown,7500,250000,False,0
https://en.wikipedia.org/wiki/Austro-Prussian_War,1866,1866,"Kingdom of Prussia,Kingdom of Italy,Oldenburg,County of Anhalt,Duchy of Brunswick,Principality of Lippe,Bremen,Hamburg,Lübeck","Austrian Empire,Kingdom of Saxony,Kingdom of Bavaria,Grand Duchy of Baden,Kingdom of Württemberg,Kingdom of Hanover,Grand Duchy of Hesse,Principality of Reuss Elder Line,Nassau",Austro-Prussian War,"Bohemia,Adriatic Sea",39993,132416,1274525,1044408,False,0
https://en.wikipedia.org/wiki/Third_Italian_War_of_Independence,1866,1866,Kingdom of Italy,Austrian Empire,Third Italian War of Independence,Lombardy-Venetia,22396,19457,220000,190000,False,0
https://en.wikipedia.org/wiki/Red_Cloud%27s_War,1866,1868,Lakota,United States,Red Cloud's War,Powder River Country,201,unknown,1000,3500,False,0
https://en.wikipedia.org/wiki/Baikal_Insurrection,1866,1866,Russian Empire,Sybiracy,Baikal Insurrection,"Siberia,Russian Empire",300,unknown,700,unknown,False,0
https://en.wikipedia.org/wiki/Cretan_Revolt_(1866%E2%80%9369),1866,1869,Greek,Ottoman Empire,Cretan Revolt (1866–69),"Crete,Greece",unknown,unknown,unknown,35000,False,0
https://en.wikipedia.org/wiki/French_campaign_against_Korea_(1866),1866,1866,"Joseon Dynasty,Korea",France,French campaign against Korea (1866),"Ganghwa Island,Korean Peninsula",15,42,10000,609,False,0
https://en.wikipedia.org/wiki/1867_Macedonian_rebellion,1866,1867,Ottoman Empire,Greek,1867 Macedonian rebellion,"Macedonia,Chalkidiki,Western Macedonia,Pelagonia,Mariovo",-1,-1,-1,-1,False,0
https://en.wikipedia.org/wiki/Peruvian_civil_war_of_1867,1867,1867,,Government of Peru,Peruvian civil war of 1867,Peru,-1,-1,-1,-1,False,0
https://en.wikipedia.org/wiki/Andaman_Islands_Expedition,1867,1867,British Empire,Onge,Andaman Islands Expedition,,-1,-1,-1,-1,False,0
https://en.wikipedia.org/wiki/Comanche_Campaign,1867,1875,United States,"Comanche,Arapaho,Kiowa,Southern Cheyenne",Comanche Campaign,Texas,-1,-1,-1,-1,False,0
https://en.wikipedia.org/wiki/Qatari%E2%80%93Bahraini_War,1867,1868,Al Thani,Al Khalifa,Qatari–Bahraini War,Gulf of Bahrain,unknown,unknown,unknown,2700,False,0
https://en.wikipedia.org/wiki/Klang_War,1867,1874,"Klang,Straits Settlements",,Klang War,Selangor,-1,-1,-1,-1,False,0
https://en.wikipedia.org/wiki/Six_Years%27_War,1868,1874,Dominican Liberals,Dominican Conservatives,Six Years' War,Dominican Republic,-1,-1,-1,-1,False,0
https://en.wikipedia.org/wiki/Glorious_Revolution_(Spain),1868,1868,Spain,Spain,Glorious Revolution (Spain),,-1,-1,-1,-1,False,0
https://en.wikipedia.org/wiki/Grito_de_Lares,1868,1868,Spain,,Grito de Lares,,-1,-1,-1,-1,False,0
https://en.wikipedia.org/wiki/Titokowaru%27s_War,1868,1869,"New Zealand,Kupapa",Ngati Ruanui Iwi,Titokowaru's War,"Taranaki,Colony of New Zealand",-1,-1,1250,550,False,0
https://en.wikipedia.org/wiki/Boshin_War,1868,1869,"Emperor of Japan,Satsuma Domain,Choshu Domain,Tosa Domain,Hiroshima Domain,Saga Domain,British Empire","Tokugawa Shogunate,Northern Alliance,Republic of Ezo,Second French Empire",Boshin War,Japan,1125,4550,36003,15000,False,0
https://en.wikipedia.org/wiki/British_Expedition_to_Abyssinia,1868,1868,British Empire,Ethiopian Empire,British Expedition to Abyssinia,"Annesley Bay,Magdala,Ethiopia",22,2102,39000,4000,False,0
https://en.wikipedia.org/wiki/Te_Kooti%27s_War,1868,1872,"New Zealand,Kupapa",,Te Kooti's War,,-1,-1,-1,-1,False,0
https://en.wikipedia.org/wiki/Ten_Years%27_War,1868,1878,Spain,Cuba,Ten Years' War,Cuba,275035,316197,60005,336024,False,0
https://en.wikipedia.org/wiki/1869_uprising_in_Krivo%C5%A1ije,1869,1869,,,1869 uprising in Krivošije,,-1,-1,-1,-1,False,0
https://en.wikipedia.org/wiki/Red_River_Rebellion,1869,1869,"Dominion of Canada,Métis Loyalists,British Empire","Métis Forces,Louis Riel",Red River Rebellion,"Red River Colony,Rupert's Land",unknown,1,-1,-1,False,0
https://en.wikipedia.org/wiki/Kirk%E2%80%93Holden_war,1870,1870,United States,Ku Klux Klan,Kirk–Holden war,"Caswell,Alamance,North Carolina",16,12,unknown,300,False,0
https://en.wikipedia.org/wiki/List_of_wars:_1800%E2%80%931899#cite_note-51,1870,1871,"Ottoman Empire,Kuwait",Nejd,,,-1,-1,-1,-1,False,0
https://en.wikipedia.org/wiki/Franco-Prussian_War,1870,1871,"North German Confederation,Kingdom of Bavaria,Baden,Kingdom of Württemberg",Second French Empire,Franco-Prussian War,"France,Prussia",289212,2010884,1494412,2000740,False,0
https://en.wikipedia.org/wiki/Revolution_of_the_Lances,1870,1872,Blancos,Colorados,Revolution of the Lances,,-1,-1,-1,-1,False,0
https://en.wikipedia.org/wiki/Sheep_Wars,1870,1900,,,Sheep Wars,Western United States,-1,-1,-1,-1,False,0
https://en.wikipedia.org/wiki/Kalkadoon_Wars,1870,1890,,Kalkadoon people,Kalkadoon Wars,"Mount Isa,Queensland",unknown,900,-1,-1,False,0
https://en.wikipedia.org/wiki/Paris_Commune,1871,1871,French Republic,Communards,Paris Commune,,7517,36682,170001,275002,False,0
https://en.wikipedia.org/wiki/United_States_expedition_to_Korea,1871,1871,United States,"Joseon Dynasty,Korea",United States expedition to Korea,Ganghwa Island,14,313,655,850,False,0
https://en.wikipedia.org/wiki/Nukapu_Expedition,1871,1872,United Kingdom,Nukapu,Nukapu Expedition,"Nukapu,Solomon Islands",3,50,-1,-1,False,0
https://en.wikipedia.org/wiki/Yemeni%E2%80%93Ottoman_Conflicts#Yemeni_Expedition_of_1872,1872,1872,Ottoman Empire,Zaidis,Yemeni–Ottoman Conflicts,,-1,-1,-1,-1,False,0
https://en.wikipedia.org/wiki/Third_Carlist_War,1872,1876,"Kingdom of Spain,Savoy,First Spanish Republic,Kingdom of Spain,Bourbon",Carlists,Third Carlist War,Spain,-1,-1,-1,-1,False,0
https://en.wikipedia.org/wiki/Modoc_War,1872,1873,United States,Modoc,Modoc War,"California,Oregon",60,131,121,1003,False,0
https://en.wikipedia.org/wiki/Khivan_campaign_of_1873,1873,1873,Russian Empire,Khanate of Khiva,Khivan campaign of 1873,"Khiva,Uzbekistan,Kazakhstan,Turkmenistan",unknown,unknown,13000,unknown,False,0
https://en.wikipedia.org/wiki/Aceh_War,1873,1904,Dutch East Indies,Aceh Sultanate,Aceh War,"Sumatra,Indonesia",37002,80064,51010,110007,False,0
https://en.wikipedia.org/wiki/Revolt_of_the_Muckers,1873,1874,Empire of Brazil,,Revolt of the Muckers,"Sapiranga,Rio Grande do Sul,Brazil",150,40,1700,750,False,0
https://en.wikipedia.org/wiki/Pabna_Peasant_Uprisings,1873,1874,British Empire,,Pabna Peasant Uprisings,,-1,-1,-1,-1,False,0
https://en.wikipedia.org/wiki/Anglo-Ashanti_wars#Third_Anglo-Ashanti_War,1873,1874,British Empire,Ashanti Empire,Anglo-Ashanti wars,"Asanteman,West Africa,Ghana",1100,2300,-1,-1,False,0
https://en.wikipedia.org/wiki/Colfax_County_War,1873,1888,Jicarilla Apaches,,Colfax County War,"Colfax County,New Mexico",200,200,-1,-1,False,0
https://en.wikipedia.org/wiki/Cantonal_Revolution,1873,1874,First Spanish Republic,,Cantonal Revolution,,-1,-1,-1,-1,False,0
https://en.wikipedia.org/wiki/Brooks%E2%80%93Baxter_War,1874,1874,Republican Party,Liberal Republican Party,Brooks–Baxter War,"Little Rock,New Gascony,Arkansas",201,201,2000,1000,False,0
https://en.wikipedia.org/wiki/Saga_Rebellion,1874,1874,Empire of Japan,Saga Domain,Saga Rebellion,Saga Prefecture,356,333,929451,14000,False,0
https://en.wikipedia.org/wiki/Japanese_invasion_of_Taiwan_(1874),1874,1874,Empire of Japan,Qing Empire,Japanese invasion of Taiwan (1874),"Qing Taiwan,Taiwan Prefecture,Fujian Province,Qing dynasty,[1]",607,89,3606,27000,False,0
https://en.wikipedia.org/wiki/Red_River_War,1874,1875,United States,"Comanche,Kiowa,Southern Cheyenne,Arapaho",Red River War,,-1,-1,-1,-1,False,0
https://en.wikipedia.org/wiki/Ethiopian%E2%80%93Egyptian_War,1874,1876,Ethiopia,Egypt,Ethiopian–Egyptian War,Eritrea,19004,10005,72803,85003,False,0
https://en.wikipedia.org/wiki/Ganghwa_Island_incident,1875,1875,Empire of Japan,Joseon Dynasty,Ganghwa Island incident,"Ganghwa Island,Korea,South Korea",2,89,23,500,False,0
https://en.wikipedia.org/wiki/Las_Cuevas_War,1875,1875,Texas Rangers,,Las Cuevas War,"Tamaulipas,Mexico,Texas,United States",unknown,80,unknown,400,False,0
https://en.wikipedia.org/wiki/Perak_War,1875,1876,British Empire,,Perak War,,-1,-1,-1,-1,False,0
https://en.wikipedia.org/wiki/Mason_County_War,1875,1876,,Texas Rangers,Mason County War,"Mason County,Texas,United States",-1,-1,-1,-1,False,0
https://en.wikipedia.org/wiki/Shinpuren_Rebellion,1876,1876,Empire of Japan,Kumamoto Domain,Shinpuren Rebellion,"Kumamoto,Kumamoto Prefecture,Japan",260,174,300,374,False,0
https://en.wikipedia.org/wiki/Razlovtsi_insurrection,1876,1876,Ottoman Empire,,Razlovtsi insurrection,,-1,-1,-1,-1,False,0
https://en.wikipedia.org/wiki/April_Uprising,1876,1876,Ottoman Empire,,April Uprising,Ottoman Bulgaria,45001,5000,10000,100000,False,0
https://en.wikipedia.org/wiki/Akizuki_Rebellion,1876,1876,Empire of Japan,,Akizuki Rebellion,"Akizuki,Fukuoka Prefecture,Japan",10,176,18,870,False,0
https://en.wikipedia.org/wiki/Hagi_Rebellion,1876,1876,Empire of Japan,Choshu Domain,Hagi Rebellion,"Hagi,Yamaguchi Prefecture,Japan",462,151,109430,200,False,0
https://en.wikipedia.org/wiki/Colombian_Civil_War_of_1876,1876,1877,,,Colombian Civil War of 1876,,-1,-1,-1,-1,False,0
https://en.wikipedia.org/wiki/Great_Sioux_War_of_1876,1876,1877,"United States,Shoshone,Crow Nation,Pawnee","Arapaho,Cheyenne,Lakota",Great Sioux War of 1876,"Montana Territory,Dakota Territory,Wyoming Territory,Nebraska,Crow Indian Reservation,[1],[2],[3],[4]",300,265,-1,-1,False,0
https://en.wikipedia.org/wiki/Qing_reconquest_of_Xinjiang,1876,1878,Qing dynasty,Kashgaria,Qing reconquest of Xinjiang,Xinjiang,-1,-1,-1,-1,False,0
https://en.wikipedia.org/wiki/Montenegrin%E2%80%93Ottoman_War_(1876%E2%80%9378),1876,1878,Montenegro,Ottoman Empire,Montenegrin–Ottoman War (1876–78),"Principality of Montenegro,Herzegovina,Ottoman Empire",-1,-1,-1,-1,False,0
https://en.wikipedia.org/wiki/Nez_Perce_War,1877,1877,United States,Nez Perce,Nez Perce War,"Oregon,Idaho,Wyoming,Montana",272,1169,1500,750,False,0
https://en.wikipedia.org/wiki/Satsuma_Rebellion,1877,1877,Empire of Japan,Satsuma Domain,Satsuma Rebellion,"Kyūshū,Japan",15001,25003,227010,60000,False,0
https://en.wikipedia.org/wiki/San_Elizario_Salt_War,1877,1878,United States,,San Elizario Salt War,"El Paso County,Texas,United States",-1,-1,-1,-1,False,0
https://en.wikipedia.org/wiki/Xhosa_Wars#Ninth_war_.281877.E2.80.931879.29,1877,1879,"British Empire,Mfengu",,Xhosa Wars,"Eastern Cape,South Africa,Cape Colony",-1,-1,-1,-1,False,0
https://en.wikipedia.org/wiki/Russo-Turkish_War_(1877%E2%80%9378),1877,1878,"Russian Empire,Serbia,Romania,Montenegro,Bulgarian volunteers",Ottoman Empire,Russo-Turkish War (1877–78),"Balkans,Caucasus",81166,290028,260000,281000,False,0
https://en.wikipedia.org/wiki/Cheyenne_War,1877,1879,United States,Cheyenne,Cheyenne War,"Oklahoma,Kansas,Nebraska,South Dakota,Montana,United States",150,50,297,1000,False,0
https://en.wikipedia.org/wiki/Bannock_War,1878,1878,United States,"Bannock,Northern Shoshone",Bannock War,"Idaho,Oregon",27,22,900,1400,False,0
https://en.wikipedia.org/wiki/Kanak_people#Revolt,1878,1878,French Republic,Kanaks,Kanak people,,-1,-1,-1,-1,False,0
https://en.wikipedia.org/wiki/Lincoln_County_War,1878,1878,Regulators,"John Kinney Gang,Jesse Evans Gang,Seven Rivers Warriors",Lincoln County War,"Lincoln County,New Mexico Territory",46,46,-1,-1,False,0
https://en.wikipedia.org/wiki/Kumanovo_Uprising,1878,1878,Ottoman Empire,,Kumanovo Uprising,"Kumanovo,Kosovo Vilayet,North Macedonia",170,unknown,1021,unknown,False,0
https://en.wikipedia.org/wiki/Epirus_Revolt_of_1878,1878,1878,Ottoman Empire,,Epirus Revolt of 1878,,-1,-1,-1,-1,False,0
https://en.wikipedia.org/wiki/1878_Greek_Macedonian_rebellion,1878,1878,Ottoman Empire,,1878 Greek Macedonian rebellion,,-1,-1,-1,-1,False,0
https://en.wikipedia.org/wiki/Kresna%E2%80%93Razlog_Uprising,1878,1879,Ottoman Empire,,Kresna–Razlog Uprising,,-1,-1,-1,-1,False,0
https://en.wikipedia.org/wiki/Second_Anglo-Afghan_War,1878,1880,British Empire,Afghanistan,Second Anglo-Afghan War,"Afghanistan,Pakistan",5000,9850,-1,-1,False,0
https://en.wikipedia.org/wiki/Conquest_of_the_Desert,1878,1885,Argentina,,Conquest of the Desert,"Puelmapu,Patagonia,Pampas",-1,-1,-1,-1,False,0
https://en.wikipedia.org/wiki/Nauruan_Civil_War,1878,1888,"Aweida,German Empire",,Nauruan Civil War,,2800,2800,-1,-1,False,0
https://en.wikipedia.org/wiki/Little_War_(Cuba),1879,1880,Kingdom of Spain,Cuba,Little War (Cuba),,-1,-1,-1,-1,False,0
https://en.wikipedia.org/wiki/Jementah_Civil_War,1879,1879,Johor Sultanate,,Jementah Civil War,"Muar,Kesang,Jementah,Segamat",-1,-1,-1,-1,False,0
https://en.wikipedia.org/wiki/Anglo-Zulu_War,1879,1879,"British Empire,Colony of Natal",Zulu Kingdom,Anglo-Zulu War,South Africa,2158,10432,99634,35000,False,0
https://en.wikipedia.org/wiki/War_of_the_Pacific,1879,1883,Republic of Chile,"Republic of Peru,Republic of Bolivia",War of the Pacific,"Peru,Bolivia",34014,20172,67282,43493,False,0
https://en.wikipedia.org/wiki/Sheepeater_Indian_War,1879,1879,United States,Turakina,Sheepeater Indian War,Idaho,-1,-1,-1,-1,False,0
https://en.wikipedia.org/wiki/Victorio%27s_War,1879,1881,"United States,Mexico",Apache,Victorio's War,Southwest United States,-1,-1,2000,150,False,0
https://en.wikipedia.org/wiki/Basuto_Gun_War,1880,1881,Basotho,Cape Colony,Basuto Gun War,"Qalabane,Lesotho",-1,-1,-1,-1,False,0
https://en.wikipedia.org/wiki/Brsjak_Revolt,1880,1881,Ottoman Empire,,Brsjak Revolt,"Monastir Vilayet,North Macedonia",-1,-1,-1,-1,False,0
https://en.wikipedia.org/wiki/First_Boer_War,1880,1881,South African Republic,British Empire,First Boer War,South African Republic,-1,-1,-1,-1,False,0
https://en.wikipedia.org/wiki/Mapuche_uprising_of_1881,1881,1881,Chile,,Mapuche uprising of 1881,Araucanía,1400,1400,-1,-1,False,0
https://en.wikipedia.org/wiki/French_occupation_of_Tunisia,1881,1881,France,Tunisia,French occupation of Tunisia,Tunisia,782,782,28013,28013,False,0
https://en.wikipedia.org/wiki/Mahdist_War,1881,1899,"Egypt,British Empire,Italy,Belgium,Ethiopian Empire","Mahdist,Sudan",Mahdist War,"Sudan,Egypt,Eritrea,Ethiopia,Uganda",-1,-1,-1,-1,False,0
https://en.wikipedia.org/wiki/Mandingo_Wars,1882,1898,French Third Republic,Wassoulou Empire,Mandingo Wars,West Africa,unknown,unknown,50000,65000,False,0
https://en.wikipedia.org/wiki/Pleasant_Valley_War,1882,1892,Arizona Rangers,,Pleasant Valley War,"Tonto Basin,Arizona Territory,United States",85,85,-1,-1,False,0
https://en.wikipedia.org/wiki/Ekumeku_Movement,1883,1914,British Empire,,Ekumeku Movement,"Agbor,Onitsha",unknown,unknown,unknown,unknown,False,0
https://en.wikipedia.org/wiki/Timok_Rebellion,1883,1883,Kingdom of Serbia,,Timok Rebellion,"Timok Valley,Kingdom of Serbia",721,unknown,3000,2,False,0
https://en.wikipedia.org/wiki/First_Madagascar_expedition,1883,1885,French Third Republic,Merina Kingdom,First Madagascar expedition,Madagascar,unknown,unknown,6,unknown,False,0
https://en.wikipedia.org/wiki/Tonkin_Campaign,1883,1886,French Third Republic,"Qing Dynasty,Black Flag Army,Nguyen Dynasty",Tonkin Campaign,Vietnam,2642,12766,35000,63000,False,0
https://en.wikipedia.org/wiki/Peruvian_civil_war_of_1884%E2%80%931885,1884,1885,Bolivia,Chile,Peruvian civil war of 1884–1885,Peru,-1,-1,4800,8000,False,0
https://en.wikipedia.org/wiki/Chichibu_Incident,1884,1884,Empire of Japan,,Chichibu Incident,,-1,-1,-1,-1,False,0
https://en.wikipedia.org/wiki/Sino-French_War,1884,1885,"French Third Republic,Annam Protectorate","Qing Dynasty of China,Nguyen Dynasty,Black Flag Army",Sino-French War,"Southeastern China,Taiwan,Northern Vietnam",9450,10006,35000,60000,False,0
https://en.wikipedia.org/wiki/Mandor_Rebellion,1884,1885,Dutch Empire,,Mandor Rebellion,Borneo,unknown,unknown,4000,12000,False,0
https://en.wikipedia.org/wiki/North-West_Rebellion,1885,1885,Dominion of Canada,"Provisional Government of Saskatchewan,Cree,Assiniboine",North-West Rebellion,"Saskatchewan,Alberta",203,151,5504,533,False,0
https://en.wikipedia.org/wiki/Serbo-Bulgarian_War,1885,1885,Principality of Bulgaria,Kingdom of Serbia,Serbo-Bulgarian War,"Serbia,Bulgaria",5340,4782,60000,50000,False,0
https://en.wikipedia.org/wiki/Third_Anglo-Burmese_War,1885,1885,British Empire,Third Burmese Empire,Third Anglo-Burmese War,,-1,-1,-1,-1,False,0
https://en.wikipedia.org/wiki/Jambi_Uprising,1885,1885,Dutch Empire,,Jambi Uprising,,-1,-1,-1,-1,False,0
https://en.wikipedia.org/wiki/Samoan_Civil_War,1886,1894,,Tamasese,Samoan Civil War,"Apia,Upolu,Samoa,Pacific Ocean",-1,-1,-1,-1,False,0
https://en.wikipedia.org/wiki/Karonga_War,1887,1889,"African Lakes Corporation,Ngonde","Swahili,Henga",Karonga War,,-1,-1,-1,-1,False,0
https://en.wikipedia.org/wiki/Hawaiian_rebellions_(1887%E2%80%9395),1887,1895,"Hawaiian League,Republic of Hawaii,United States","Kingdom of Hawaii,United States,Empire of Japan,United Kingdom,Redshirts,Hawaiian Patriotic League",Hawaiian rebellions (1887–95),Hawaiian Islands,-1,-1,605,1500,False,0
https://en.wikipedia.org/wiki/1888%E2%80%931893_Uprisings_of_Hazaras,1888,1893,Emirate of Afghanistan,Hazaras,1888–1893 Uprisings of Hazaras,"Hazarajat,Afghanistan",-1,-1,-1,-1,False,0
https://en.wikipedia.org/wiki/Sikkim_Expedition,1888,1888,British Empire,Tibet,Sikkim Expedition,"Sikkim,Chumbi Valley",-1,-1,-1,-1,False,0
https://en.wikipedia.org/wiki/Abushiri_Revolt,1888,1889,German Empire,,Abushiri Revolt,"German East Africa,Tanzania",-1,-1,-1,-1,False,0
https://en.wikipedia.org/wiki/Ammiyya,1889,1890,,,Ammiyya,,-1,-1,-1,-1,False,0
https://en.wikipedia.org/wiki/Johnson_County_War,1889,1893,Homesteaders,Cattle Barons,Johnson County War,"Powder River Country,Johnson County,Wyoming,United States",63,63,-1,-1,False,0
https://en.wikipedia.org/wiki/Edi_Expedition,1890,1890,Dutch Empire,,Edi Expedition,,-1,-1,-1,-1,False,0
https://en.wikipedia.org/wiki/Revolution_of_the_Park,1890,1890,Argentina,Civic Union,Revolution of the Park,Buenos Aires,1800,1800,-1,-1,False,0
https://en.wikipedia.org/wiki/First_Franco-Dahomean_War,1890,1890,French Third Republic,Kingdom of Dahomey,First Franco-Dahomean War,"Ouémé Department,Benin",3000,99,8000,1968,False,0
https://en.wikipedia.org/wiki/Castaic_Range_War,1890,1916,Los Angeles Rangers,,Castaic Range War,"Castaic, California",61,61,-1,-1,False,0
https://en.wikipedia.org/wiki/Tom_Horn#Colorado_Range_War,1895,1900,Cattle Barons,Homesteader,Tom Horn,,-1,-1,-1,-1,False,0
https://en.wikipedia.org/wiki/Ghost_Dance_War,1890,1891,United States,Sioux,Ghost Dance War,South Dakota,114,351,-1,-1,False,0
https://en.wikipedia.org/wiki/Battle_of_Mulayda,1891,1891,Nejd,Jabal Shammar,Battle of Mulayda,"Qassim region,Saudi Arabia",unknown,unknown,27000,24000,False,0
https://en.wikipedia.org/wiki/Yemeni%E2%80%93Ottoman_Conflicts#Yemeni_Rebellion_of_1891,1891,1891,Ottoman Empire,Zaidis,Yemeni–Ottoman Conflicts,,-1,-1,-1,-1,False,0
https://en.wikipedia.org/wiki/Hunza-Nagar_Campaign,1891,1891,British Raj,"Hunza,Nagar",Hunza-Nagar Campaign,Nagar,-1,-1,-1,-1,False,0
https://en.wikipedia.org/wiki/Anglo-Manipur_War,1891,1891,British Raj,Kingdom of Manipur,Anglo-Manipur War,Kingdom of Manipur,26,184,404,3209,False,0
https://en.wikipedia.org/wiki/Chilean_Civil_War_of_1891,1891,1891,"Congressist Junta,Navy of Chile","Republic of Chile,Army of Chile",Chilean Civil War of 1891,"Chilean Sea,Tarapacá,Atacama,Valparaíso Region",unknown,1,40002,10005,False,0
https://en.wikipedia.org/wiki/Garza_Revolution,1891,1893,"Mexico,United States",,Garza Revolution,"Coahuila,Mexico,Texas,United States",-1,-1,-1,-1,False,0
https://en.wikipedia.org/wiki/Dato%27_Bahaman#Semantan_War,1891,1894,British Empire,,Dato' Bahaman,,-1,-1,-1,-1,False,0
https://en.wikipedia.org/wiki/Bafut_Wars,1891,1907,German Empire,Fondom of Bafut,Bafut Wars,,-1,-1,-1,-1,False,0
https://en.wikipedia.org/wiki/Hazaras#Second_uprising,1892,1892,Emirate of Afghanistan,Hazaras,Hazaras,,-1,-1,-1,-1,False,0
https://en.wikipedia.org/wiki/Second_Franco-Dahomean_War,1892,1894,French Third Republic,Kingdom of Dahomey,Second Franco-Dahomean War,"Ouémé Department,Zou Department,Benin",9000,730,10000,4764,False,0
https://en.wikipedia.org/wiki/Congo_Arab_war,1892,1894,Congo Free State,"Zanzibari,Arab,Slave traders",Congo Arab war,Congo Free State,1,1,-1,-1,False,0
https://en.wikipedia.org/wiki/Hazaras#Third_uprising,1893,1893,Emirate of Afghanistan,Hazaras,Hazaras,,-1,-1,-1,-1,False,0
https://en.wikipedia.org/wiki/Battle_of_Al_Wajbah,1893,1893,Al Thani,Ottoman Empire,Battle of Al Wajbah,Al Wajbah Fort,403,135,7001,503,False,0
https://en.wikipedia.org/wiki/Franco-Siamese_War,1893,1893,"France,French Indochina",Siam,Franco-Siamese War,"French Indochina,Siam",-1,-1,-1,-1,False,0
https://en.wikipedia.org/wiki/Macedonian_Struggle,1893,1908,"Ethniki Etaireia,Internal Macedonian Revolutionary Organization,Bulgarian Secret Revolutionary Brotherhood,Boatmen of Thessaloniki,Serbian Chetnik Organization",Ottoman Empire,Macedonian Struggle,Ottoman Macedonia,-1,-1,-1,-1,False,0
https://en.wikipedia.org/wiki/Rabih_az-Zubayr#Conquest_of_Borno_(1893),1893,1893,,Bornu Empire,Rabih az-Zubayr,,-1,-1,-1,-1,False,0
https://en.wikipedia.org/wiki/First_Melillan_campaign,1893,1894,Kingdom of Spain,"Rif,Kingdom of Morocco",First Melillan campaign,"er-Rif,Morocco,Melilla,Spain",-1,-1,25000,40000,False,0
https://en.wikipedia.org/wiki/First_Matabele_War,1893,1894,"British South Africa Company,Tswana",Ndebele,First Matabele War,"Matabeleland,Mashonaland",101,10001,1750,100000,False,0
https://en.wikipedia.org/wiki/Revolta_da_Armada,1893,1894,First Brazilian Republic,,Revolta da Armada,Rio de Janeiro,4,12,27,27,False,0
https://en.wikipedia.org/wiki/Federalist_Riograndense_Revolution,1893,1895,First Brazilian Republic,"Federalist Rebels,National Party",Federalist Riograndense Revolution,"South Region, Brazil",10000,10000,22000,8000,False,0
https://en.wikipedia.org/wiki/Peruvian_civil_war_of_1894%E2%80%931895,1894,1895,,Government of Peru,Peruvian civil war of 1894–1895,Peru,4000,4000,4000,5000,False,0
https://en.wikipedia.org/wiki/1894_Sasun_rebellion,1894,1894,Ottoman Empire,,1894 Sasun rebellion,"Sason,Bitlis Vilayet,Ottoman Empire",20001,551,8001,10001,False,0
https://en.wikipedia.org/wiki/Revolution_of_the_44,1894,1894,Salvadoran Rebels,Salvadoran Government,Revolution of the 44,El Salvador,-1,-1,-1,-1,False,0
https://en.wikipedia.org/wiki/Donghak_Peasant_Revolution,1894,1894,"Joseon Dynasty,Empire of Japan",Donghak,Donghak Peasant Revolution,Korea,6000,unknown,53000,625000,False,0
https://en.wikipedia.org/wiki/First_Sino-Japanese_War,1894,1895,Empire of Japan,Qing Empire,First Sino-Japanese War,"Korea,Manchuria,Taiwan,Yellow Sea",35003,17069,630000,240616,False,0
https://en.wikipedia.org/wiki/Second_Madagascar_expedition,1894,1895,French Third Republic,Merina Kingdom,Second Madagascar expedition,Madagascar,6025,unknown,21000,70000,False,0
https://en.wikipedia.org/wiki/Jandamarra,1894,1897,British Empire,,Jandamarra,,-1,-1,-1,-1,False,0
https://en.wikipedia.org/wiki/Mat_Salleh_Rebellion,1894,1900,British Empire,,Mat Salleh Rebellion,"North Borneo,Sabah",-1,-1,-1,-1,False,0
https://en.wikipedia.org/wiki/Japanese_invasion_of_Taiwan_(1895),1895,1895,Empire of Japan,Republic of Formosa,Japanese invasion of Taiwan (1895),"Taiwan,Pescadores Islands",5321,14000,44000,75000,False,0
https://en.wikipedia.org/wiki/Dungan_revolt_(1895%E2%80%9396),1895,1896,Qing Empire,,Dungan revolt (1895–96),"Qinghai,Gansu",unknown,unknown,3,unknown,False,0
https://en.wikipedia.org/wiki/Zeitun_Rebellion_(1895%E2%80%9396),1895,1896,,Ottoman Empire,Zeitun Rebellion (1895–96),"Zeitun,Aleppo Vilayet",6001,30003,7500,58000,False,0
https://en.wikipedia.org/wiki/Menalamba_rebellion,1895,1897,French Third Republic,,Menalamba rebellion,,-1,-1,-1,-1,False,0
https://en.wikipedia.org/wiki/Anglo-Ashanti_wars#Fourth_Anglo-Ashanti_War,1895,1896,United Kingdom,Ashanti Empire,Anglo-Ashanti wars,"Asanteman,West Africa,Ghana",1100,2300,-1,-1,False,0
https://en.wikipedia.org/wiki/First_Italo-Ethiopian_War,1895,1896,"Ethiopia,Eritrean",Kingdom of Italy,First Italo-Ethiopian War,"Eritrea,Ethiopia",35937,34022,43017,296010,False,0
https://en.wikipedia.org/wiki/Cuban_War_of_Independence,1895,1898,"Cuba,United States",Kingdom of Spain,Cuban War of Independence,Cuba,8919,62728,54083,196001,False,0
https://en.wikipedia.org/wiki/1896%E2%80%931897_Greek_Macedonian_rebellion,1896,1897,Ottoman Empire,,1896–1897 Greek Macedonian rebellion,,-1,-1,-1,-1,False,0
https://en.wikipedia.org/wiki/Defense_of_Van_(1896),1896,1896,Ottoman Empire,,Defense of Van (1896),"Van,Van Vilayet",unknown,20352,unknown,unknown,False,0
https://en.wikipedia.org/wiki/Khaua-Mbandjeru_Rebellion,1896,1896,German Empire,,Khaua-Mbandjeru Rebellion,,-1,-1,-1,-1,False,0
https://en.wikipedia.org/wiki/Anglo-Zanzibar_War,1896,1896,British Empire,Zanzibar,Anglo-Zanzibar War,"Zanzibar Town,Zanzibar Sultanate",2,505,1055,2807,False,0
https://en.wikipedia.org/wiki/War_of_Canudos,1896,1897,Brazil,,War of Canudos,"Bahia,Brazil",5000,25150,12000,25000,False,0
https://en.wikipedia.org/wiki/Batetela_Rebellion,1896,1897,Congo Free State,Tetela rebels,Batetela Rebellion,,-1,-1,-1,-1,False,0
https://en.wikipedia.org/wiki/Second_Matabele_War,1896,1897,British South Africa Company,"Ndebele,Shona",Second Matabele War,"Matabeleland,Mashonaland",400,50000,-1,-1,False,0
https://en.wikipedia.org/wiki/Philippine_Revolution,1896,1898,"Katipunan,Sovereign Tagalog Nation,First Philippine Republic,United States",Kingdom of Spain,Philippine Revolution,Philippines,unknown,unknown,100000,140400,False,0
https://en.wikipedia.org/wiki/Greco-Turkish_War_(1897),1897,1897,Ottoman Empire,Kingdom of Greece,Greco-Turkish War (1897),"Greece,Epirus,Thessaly,Crete",4020,3411,121514,77640,False,0
https://en.wikipedia.org/wiki/Intentona_de_Yauco,1897,1897,Spain,,Intentona de Yauco,,-1,-1,-1,-1,False,0
https://en.wikipedia.org/wiki/Benin_Expedition_of_1897,1897,1897,British Empire,Kingdom of Benin,Benin Expedition of 1897,"Benin City,Benin Empire",-1,-1,1200,unknown,False,0
https://en.wikipedia.org/wiki/Tirah_Campaign,1897,1898,United Kingdom,Pathans of Afghanistan,Tirah Campaign,"Tirah Valley,British India",-1,-1,34883,90001,False,0
https://en.wikipedia.org/wiki/1898_Baloch_uprising,1898,1898,,,1898 Baloch uprising,,-1,-1,-1,-1,False,0
https://en.wikipedia.org/wiki/Abushiri_revolt,1888,1889,"German East Africa Company,German Empire,British Empire",,Abushiri revolt,"German East Africa,Tanzania",-1,-1,-1,-1,False,0
https://en.wikipedia.org/wiki/Andijan_uprising_of_1898,1898,1898,Russian Empire,,Andijan uprising of 1898,,-1,-1,-1,-1,False,0
https://en.wikipedia.org/wiki/Spanish%E2%80%93American_War,1898,1898,"United States,Republic of Cuba,First Philippine Republic,Katipunan",Kingdom of Spain,Spanish–American War,"Cuba,Puerto Rico,Caribbean Sea,Philippines,Guam",4174,58098,165343,467004,False,0
https://en.wikipedia.org/wiki/Negros_Revolution,1898,1898,Katipunan,Kingdom of Spain,Negros Revolution,"Negros,Philippines",unknown,unknown,-1,-1,False,0
https://en.wikipedia.org/wiki/Federal_Revolution_of_1899,1898,1899,Liberal Party,Conservative Party,Federal Revolution of 1899,,-1,-1,-1,-1,False,0
https://en.wikipedia.org/wiki/Second_Samoan_Civil_War,1898,1899,Samoa,,Second Samoan Civil War,"Apia,Upolu,Samoa,Pacific Ocean",24,129,-1,-1,False,0
https://en.wikipedia.org/wiki/1898_Baloch_uprising,1898,1898,British Empire,"Mir Baloch Khan,Mir Mehrab Khan Nausherwani",1898 Baloch uprising,,-1,-1,-1,-1,False,0
https://en.wikipedia.org/wiki/Voulet-Chanoine_Mission,1898,1900,French Third Republic,,Voulet-Chanoine Mission,,-1,-1,-1,-1,False,0
https://en.wikipedia.org/wiki/Battle_of_Kouss%C3%A9ri,1899,1901,"France,Kingdom of Baguirmi",,Battle of Kousséri,"Kousséri,Cameroun",5500,103,10000,1500,False,0
https://en.wikipedia.org/wiki/Boxer_Rebellion,1899,1901,"Empire of Japan,Russian Empire,British Empire,French Third Republic,United States,German Empire,Kingdom of Italy","Righteous Harmony Society,Qing Empire of China",Boxer Rebellion,Northern China,100000,100000,324799,500005,False,0
https://en.wikipedia.org/wiki/Second_Boer_War,1899,1902,"British Empire,Cape Colony,Natal Colony,British India,Australia,Canada,New Zealand","Orange Free State,South African Republic,Foreign volunteers",Second Boer War,"South Africa,Lesotho,Eswatini,[1]",99284,51445,703004,68415,False,0
https://en.wikipedia.org/wiki/Thousand_Days%27_War,1899,1902,Colombian Conservative Party,Colombian Liberal Party,Thousand Days' War,"Departments of Colombia,Department of Panama",120001,120001,-1,-1,False,0
https://en.wikipedia.org/wiki/Philippine%E2%80%93American_War,1899,"1902
(Malvar surrender)
1913
(Irreconcilables active)","United States,Philippine Constabulary,Philippine Scouts","First Philippine Republic,Katipunan,Pulajanes,Sultanate of Sulu,Moro people",Philippine–American War,Philippines,19,8,5,5,False,0
https://en.wikipedia.org/wiki/Acre_War,1899,1903,"Brazil,Acre",Bolivia,Acre War,"Acre,Bolivia",unknown,unknown,unknown,unknown,False,0
