https://en.wikipedia.org/wiki/Bull_(Pharaoh),c. 3250 BC,c. 3250 BC,"Upper Egypt,Scorpion I",,Bull (Pharaoh),,-1,-1,-1,-1,False,0
https://en.wikipedia.org/wiki/Wash_(pharaoh),c. 3150 BC,c. 3150 BC,"Upper Egypt,Narmer",Wash,Wash (pharaoh),,-1,-1,-1,-1,False,0
https://en.wikipedia.org/wiki/Narmer#Reign,c. 3100 BC,c. 3100 BC,"Upper Egypt,Narmer",Lower Egypt,Narmer,,-1,-1,-1,-1,False,0
https://en.wikipedia.org/wiki/Hor-Aha#Activities_outside_Egypt,c. 3100 BC,c. 3100 BC,Egypt,Nubia,Hor-Aha,,-1,-1,-1,-1,False,0
https://en.wikipedia.org/wiki/Horus_Bird_(pharaoh),c. 2900 BC,c. 2900 BC,,,Horus Bird (pharaoh),,-1,-1,-1,-1,False,0
https://en.wikipedia.org/wiki/Kish_(Sumer)#History,c. 2900 - 2700 BC (EDI),c. 2900 - 2700 BC (EDI),Kish,Elam,Kish (Sumer),,-1,-1,-1,-1,False,0
https://en.wikipedia.org/wiki/Enmerkar,c. 3400-3100 BC (Late Uruk Period),c. 3400-3100 BC (Late Uruk Period),Uruk,Aratta,Enmerkar,,-1,-1,-1,-1,False,0
https://en.wikipedia.org/wiki/Siege_of_Uruk,c. 2900 - 2700 BC (EDI),c. 2900 - 2700 BC (EDI),,Uruk,Siege of Uruk,Sumer,unknown,unknown,unknown,unknown,False,0
https://en.wikipedia.org/wiki/Sneferu#Foreign_relations,c. 2600 BC,c. 2600 BC,Egypt,"Nubia,Libya,Levant",Sneferu,,-1,-1,-1,-1,False,0
https://en.wikipedia.org/wiki/Enshakushanna,c. 2350 BC,c. 2350 BC,Uruk,"Hamazi,Akkad,Kish,Nippur",Enshakushanna,,-1,-1,-1,-1,False,0
https://en.wikipedia.org/wiki/Eannatum,c. 2500 BC,c. 2500 BC,Lagash,"Ur,Uruk,Larsa,Nippur,Akshak,Umma",Eannatum,,-1,-1,-1,-1,False,0
https://en.wikipedia.org/wiki/Lugal-Anne-Mundu,c. 2500 BC,c. 2500 BC,Adab,Ur,Lugal-Anne-Mundu,,-1,-1,-1,-1,False,0
https://en.wikipedia.org/wiki/En-anna-tum_I,c. 2450 BC,c. 2450 BC,Lagash,Umma,En-anna-tum I,,-1,-1,-1,-1,False,0
https://en.wikipedia.org/wiki/Entemena,c. 2400 BC,c. 2400 BC,"Lagash,Uruk",Umma,Entemena,,-1,-1,-1,-1,False,0
https://en.wikipedia.org/wiki/Lugal-zage-si,c. 2350 BC,c. 2350 BC,Umma,"Kish,Lagash,Ur,Nippur,Larsa,Uruk",Lugal-zage-si,,-1,-1,-1,-1,False,0
https://en.wikipedia.org/wiki/Akkadian_Empire#Sargon_of_Akkad,c. 2334 BC,c. 2279 BC,"Akkad,Kish","Kish,Lagash,Uruk,Umma,Ur,Kazallu",Akkadian Empire,,-1,-1,-1,-1,False,0
https://en.wikipedia.org/wiki/Akkadian_Empire#Sargon_of_Akkad,c. 2270 BC,c. 2270 BC,Akkadian Empire,"Mari,Yarmuti,Ebla",Akkadian Empire,,-1,-1,-1,-1,False,0
https://en.wikipedia.org/wiki/Sargon_of_Akkad#Wars_in_the_northwest_and_east,c. 2270 BC,c. 2270 BC,Akkadian Empire,"Elam,Susa,Marhasi",Sargon of Akkad,,-1,-1,-1,-1,False,0
https://en.wikipedia.org/wiki/Naram-Sin_of_Akkad#Victory_stele,c. 2230 BC,c. 2230 BC,Akkadian Empire,Lullubi,Naram-Sin of Akkad,,-1,-1,-1,-1,False,0
https://en.wikipedia.org/wiki/Gutian_people#History,c. 2220 BC,c. 2150 BC,Gutian,Akkadian Empire,Gutian people,,-1,-1,-1,-1,False,0
https://en.wikipedia.org/wiki/Gutian_dynasty_of_Sumer#History,c. 2119 BC,c. 2119 BC,Uruk,Gutian dynasty of Sumer,Gutian dynasty of Sumer,,-1,-1,-1,-1,False,0
https://en.wikipedia.org/wiki/Ur-Nammu,c. 2112 BC,c. 2112 BC,,Lagash,Ur-Nammu,,-1,-1,-1,-1,False,0
https://en.wikipedia.org/wiki/Third_Dynasty_of_Ur#History,c. 2004 BC,c. 2004 BC,"Elam,Susa",,Third Dynasty of Ur,,-1,-1,-1,-1,False,0
https://en.wikipedia.org/wiki/Segerseni#Attestation,c. 2000 BC,c. 2000 BC,Segerseni,,Segerseni,,-1,-1,-1,-1,False,0
https://en.wikipedia.org/wiki/Rim-Sin_I,c. 1822 or 1758 BC,c. 1763 or 1699 BC,Larsa,"Uruk,Isin,Der,Babylon,Sutum,Rapiqum",Rim-Sin I,,-1,-1,-1,-1,False,0
https://en.wikipedia.org/wiki/Eshnunna#History,c. 1801 BC,c. 1770 BC,Elam,Eshnunna,Eshnunna,,-1,-1,-1,-1,False,0
https://en.wikipedia.org/wiki/Hammurabi#Reign_and_conquests,c. 1770 BC,c. 1760 BC,"Babylon,Larsa,Yamhad,Mari","Elam,Larsa,Mari,Assyria",Hammurabi,,-1,-1,-1,-1,False,0
https://en.wikipedia.org/wiki/Hammurabi#Reign_and_conquests,c. 1770 BC,c. 1763 BC,"Babylon,Larsa",Elam,Hammurabi,,-1,-1,-1,-1,False,0
https://en.wikipedia.org/wiki/Hammurabi#Reign_and_conquests,c. 1763 BC,c. 1763 BC,"Babylon,Yamhad,Mari",Larsa,Hammurabi,,-1,-1,-1,-1,False,0
https://en.wikipedia.org/wiki/Hammurabi#Reign_and_conquests,c. 1760 BC,c. 1760 BC,Babylon,Mari,Hammurabi,,-1,-1,-1,-1,False,0
https://en.wikipedia.org/wiki/Hammurabi#Reign_and_conquests,c. 1760 BC,c. 1760 BC,Babylon,Assyria,Hammurabi,,-1,-1,-1,-1,False,0
https://en.wikipedia.org/wiki/Babylonia#First_Babylonian_Dynasty_.E2.80.94_Amorite_Dynasty_1894.E2.80.931595_BC,c. 1740 BC,c. 1595 BC,"Hittite Empire,Kassites,Assyria,Sealand Dynasty","Babylon,Amorites",Babylonia,,-1,-1,-1,-1,False,0
https://en.wikipedia.org/wiki/Kassites#History,c. 1740 BC,c. 1570 BC,Kassites,Babylon,Kassites,,-1,-1,-1,-1,False,0
https://en.wikipedia.org/wiki/Puzur-Sin,c. 1732 BC,c. 1732 BC,Assyria,"Amorites,Babylon",Puzur-Sin,,-1,-1,-1,-1,False,0
https://en.wikipedia.org/wiki/Assyria#Assyrian_Adaside_dynasty.2C_1732.E2.80.931451_BC,c. 1732 BC,c. 1726 or 1720 BC,Adasi,"Amorites,Babylon",Assyria,,-1,-1,-1,-1,False,0
https://en.wikipedia.org/wiki/Sealand_Dynasty,c. 1732 BC,c. 1732 BC,,Babylon,Sealand Dynasty,,-1,-1,-1,-1,False,0
https://en.wikipedia.org/wiki/Abi-Eshuh#Biography,c. 1700 BC,c. 1700 BC,Sealand Dynasty,Babylon,Abi-Eshuh,,-1,-1,-1,-1,False,0
https://en.wikipedia.org/wiki/Battle_of_Mingtiao,c. 1675 BC,c. 1675 BC,Shang,Xia Dynasty,Battle of Mingtiao,,-1,-1,unknown,6000,False,0
https://en.wikipedia.org/wiki/Babylonia#The_sack_of_Babylon_and_ancient_Near_East_chronology,c. 1595 BC,c. 1595 BC,Hittite Empire,Babylon,Babylonia,,-1,-1,-1,-1,False,0
https://en.wikipedia.org/wiki/Hattusili_I,c. 1650 BC,c. 1620 BC,Hittite Empire,"Alalakh,Arzawa,Hurrians",Hattusili I,,-1,-1,-1,-1,False,0
https://en.wikipedia.org/wiki/Hyksos,c. 1650 BC,c. 1580 BC,Hyksos,Ancient Egypt,Hyksos,,-1,-1,-1,-1,False,0
https://en.wikipedia.org/wiki/Mursili_I,c. 1600 BC,c. 1595 BC,Hittite Empire,"Yamhad,Babylon",Mursili I,,-1,-1,-1,-1,False,0
https://en.wikipedia.org/wiki/Ahmose_I#Conquest_of_the_Hyksos,c. 1523 BC,c. 1517 BC,Egypt,Hyksos,Ahmose I,,-1,-1,-1,-1,False,0
https://en.wikipedia.org/wiki/Thutmose_I,c. 1506 BC,c. 1502 BC,Egyptian Empire,Nubia,Thutmose I,,-1,-1,-1,-1,False,0
https://en.wikipedia.org/wiki/Thutmose_II,c. 1493 BC,before c. 1479 BC,Egyptian Empire,"Nubia,Shasu",Thutmose II,,-1,-1,-1,-1,False,0
https://en.wikipedia.org/wiki/Thutmose_III#Thutmose.27s_military_campaigns,c. 1457 BC,c. 1428 BC,Egyptian Empire,,Thutmose III,,-1,-1,-1,-1,False,0
https://en.wikipedia.org/wiki/Battle_of_Megiddo_(15th_century_BC),c. 1457 BC,c. 1456 BC,Egyptian Empire,"Canaan,Kadesh,Tel Megiddo,Mitanni",Battle of Megiddo (15th century BC),"Megiddo,Canaan",5000,11701,30000,25000,False,0
https://en.wikipedia.org/wiki/Thutmose_III#Tours_of_Canaan_and_Syria,c. 1456 BC,c. 1455 BC,Egyptian Empire,"Canaan,Retjenu",Thutmose III,,-1,-1,-1,-1,False,0
https://en.wikipedia.org/wiki/Thutmose_III#Tours_of_Canaan_and_Syria,c. 1455 BC,c. 1454 BC,Egyptian Empire,"Canaan,Retjenu",Thutmose III,,-1,-1,-1,-1,False,0
https://en.wikipedia.org/wiki/Thutmose_III#Tours_of_Canaan_and_Syria,c. 1454 BC,c. 1453 BC,Egyptian Empire,"Canaan,Retjenu",Thutmose III,,-1,-1,-1,-1,False,0
https://en.wikipedia.org/wiki/Thutmose_III#Conquest_of_Syria,c. 1450 BC,c. 1449 BC,Egyptian Empire,"Canaan,Retjenu,Kadesh,Tunip,Phoenicia",Thutmose III,,-1,-1,-1,-1,False,0
https://en.wikipedia.org/wiki/Thutmose_III#Conquest_of_Syria,c. 1449 BC,c. 1448 BC,Egyptian Empire,"Byblos,Retjenu,Kadesh",Thutmose III,,-1,-1,-1,-1,False,0
https://en.wikipedia.org/wiki/Thutmose_III#Conquest_of_Syria,c. 1448 BC,c. 1447 BC,Egyptian Empire,"Retjenu,Phoenicia",Thutmose III,,-1,-1,-1,-1,False,0
https://en.wikipedia.org/wiki/Thutmose_III#Attack_on_Mitanni,c. 1447 BC,c. 1446 BC,Egyptian Empire,Mitanni,Thutmose III,,-1,-1,-1,-1,False,0
https://en.wikipedia.org/wiki/Thutmose_III#Tours_of_Syria,c. 1445 BC,c. 1444 BC,Egyptian Empire,Nuhašše,Thutmose III,,-1,-1,-1,-1,False,0
https://en.wikipedia.org/wiki/Thutmose_III#Tours_of_Syria,c. 1444 BC,c. 1443 BC,Egyptian Empire,Mitanni,Thutmose III,,-1,-1,-1,-1,False,0
https://en.wikipedia.org/wiki/Thutmose_III#Tours_of_Syria,c. 1443 BC,c. 1442 BC,Egyptian Empire,,Thutmose III,,-1,-1,-1,-1,False,0
https://en.wikipedia.org/wiki/Thutmose_III#Tours_of_Syria,c. 1442 BC,c. 1441 BC,Egyptian Empire,,Thutmose III,,-1,-1,-1,-1,False,0
https://en.wikipedia.org/wiki/Thutmose_III#Tours_of_Syria,c. 1441 BC,c. 1440 BC,Egyptian Empire,Nuhašše,Thutmose III,,-1,-1,-1,-1,False,0
https://en.wikipedia.org/wiki/Thutmose_III#Tours_of_Syria,c. 1440 BC,c. 1439 BC,Egyptian Empire,Shasu,Thutmose III,,-1,-1,-1,-1,False,0
https://en.wikipedia.org/wiki/Thutmose_III#Tours_of_Syria,c. 1439 BC,c. 1438 BC,Egyptian Empire,,Thutmose III,,-1,-1,-1,-1,False,0
https://en.wikipedia.org/wiki/Thutmose_III#Tours_of_Syria,c. 1438 BC,c. 1437 BC,Egyptian Empire,,Thutmose III,,-1,-1,-1,-1,False,0
https://en.wikipedia.org/wiki/Thutmose_III#Tours_of_Syria,c. 1437 BC,c. 1436 BC,Egyptian Empire,"Mitanni,Tunip,Kadesh",Thutmose III,,-1,-1,-1,-1,False,0
https://en.wikipedia.org/wiki/Thutmose_III#Nubian_Campaign,c. 1429 BC,c. 1428 BC,Egyptian Empire,Nubia,Thutmose III,,-1,-1,-1,-1,False,0
https://en.wikipedia.org/wiki/Kaskians#Early_history,c. 1430 BC,c. 1200 BC,Hittite Empire,"Kaska,Mushki",Kaskians,,-1,-1,-1,-1,False,0
https://en.wikipedia.org/wiki/Battle_of_the_Ten_Kings,c. 1400 BC,c. 1400 BC,"Trtsu,Bharata","Alina,Anu,Bhrigus,Bhalanas,Dasa,Druhyus,Matsya Kingdom,Persians,Puru,Panis",Battle of the Ten Kings,"Ravi,Punjab",unknown,6673,unknown,6666,False,0
https://en.wikipedia.org/wiki/Mycenaean_Greece#Involvement_in_Asia_Minor,c. 1315 BC,c. 1315 BC,"Arzawa,Ahhiyawa",Hittite Empire,Mycenaean Greece,,-1,-1,-1,-1,False,0
https://en.wikipedia.org/wiki/Ramesses_II#Campaigns_and_battles,c. 1279 BC,c. 1213 BC,Egypt,,Ramesses II,,-1,-1,-1,-1,False,0
https://en.wikipedia.org/wiki/Ramesses_II#Battle_against_Sherden_sea_pirates,c. 1278 BC,c. 1278 BC,Egypt,Shardana,Ramesses II,,-1,-1,-1,-1,False,0
https://en.wikipedia.org/wiki/Ramesses_II#First_Syrian_campaign,c. 1276 BC,c. 1275 BC,Egypt,"Canaan,Amurru kingdom",Ramesses II,,-1,-1,-1,-1,False,0
https://en.wikipedia.org/wiki/Ramesses_II#Second_Syrian_campaign,c. 1274 BC,c. 1274 BC,,,Ramesses II,,-1,-1,-1,-1,False,0
https://en.wikipedia.org/wiki/Ramesses_II#Third_Syrian_campaign,c. 1270 BC,c. 1270 BC,Egypt,Hittite Empire,Ramesses II,,-1,-1,-1,-1,False,0
https://en.wikipedia.org/wiki/Ramesses_II#Later_campaigns_in_Syria,c. 1270 BC,c. 1269 BC,,,Ramesses II,,-1,-1,-1,-1,False,0
https://en.wikipedia.org/wiki/Ramesses_II#Campaigns_in_Nubia,c. 1260 BC,c. 1260 BC,Egypt,Nubia,Ramesses II,,-1,-1,-1,-1,False,0
https://en.wikipedia.org/wiki/Mycenaean_Greece#Involvement_in_Asia_Minor,c. 1260 BC,c. 1255 BC,Ahhiyawa,Hittite Empire,Mycenaean Greece,,-1,-1,-1,-1,False,0
https://en.wikipedia.org/wiki/Ramesses_II#Campaigns_in_Libya,c. 1250 BC,c. 1250 BC,Egypt,Libya,Ramesses II,,-1,-1,-1,-1,False,0
https://en.wikipedia.org/wiki/Battle_of_Nihriya,c. 1237 BC,c. 1237 BC,Assyria,Hittite Empire,Battle of Nihriya,,-1,-1,-1,-1,False,0
https://en.wikipedia.org/wiki/Late_Bronze_Age_collapse,c. 1206 BC,c. 1150 BC,,,Late Bronze Age collapse,,-1,-1,-1,-1,False,0
https://en.wikipedia.org/wiki/Trojan_War,c. 1194 BC,c. 1184 BC,"Achaeans,Mycenaens,Spartans",Troy,Trojan War,,-1,-1,-1,-1,False,0
https://en.wikipedia.org/wiki/Ugarit#Destruction,c. 1190 BC,c. 1190 BC,Sea Peoples,Ugarit,Ugarit,,-1,-1,-1,-1,False,0
https://en.wikipedia.org/wiki/Battle_of_the_Delta,c. 1175 BC,c. 1175 BC,Egypt,Sea Peoples,Battle of the Delta,Nile Delta,unknown,unknown,unknown,unknown,False,0
https://en.wikipedia.org/wiki/Nebuchadnezzar_I#War_with_Elam,c. 1110 BC,c. 1110 BC,Babylonia,Elam,Nebuchadnezzar I,,-1,-1,-1,-1,False,0
https://en.wikipedia.org/wiki/Battle_of_Muye,c. 1046 BC,c. 1046 BC,Zhou,Shang Dynasty,Battle of Muye,"Muye,Yin,Henan",unknown,unknown,700000,52000,False,0
https://en.wikipedia.org/wiki/Rebellion_of_the_Three_Guards,c. 1042–BC,c. 1039 BC,King Cheng of Zhou,Shu Du of Cai,Rebellion of the Three Guards,"China,North China Plain,[10],[18],Shandong,Jiangsu,[19]",25,25,-1,-1,False,0
https://en.wikipedia.org/wiki/Assyrian_conquest_of_Aram,854 BC,846 BC,Assyrian Empire,Aram,Assyrian conquest of Aram,,-1,-1,-1,-1,False,0
https://en.wikipedia.org/wiki/Colchis,757 BC,723 BC,Colchis,Diauehi,Colchis,,-1,-1,-1,-1,False,0
https://en.wikipedia.org/wiki/First_Messenian_War,740 BC,720 BC,Sparta,Messenia,First Messenian War,Messenia,1800,2700,4500,unknown,False,0
https://en.wikipedia.org/wiki/Syro-Ephraimite_War,736 BC,732 BC,"Assyrian Empire,Kingdom of Judah","Aram,Kingdom of Israel",Syro-Ephraimite War,"Kingdom of Israel (Samaria),Aram-Damascus,Kingdom of Judah,Levant",-1,-1,-1,-1,False,0
https://en.wikipedia.org/wiki/Piye#Conquest_of_Egypt,732 BC,before 721 BC,"Nubia,Upper Egypt,Hermopolis","Middle Egypt,Lower Egypt",Piye,,-1,-1,-1,-1,False,0
https://en.wikipedia.org/wiki/Colchis#Persian_rule,725 BC,725 BC,Colchis,"Scythia,Cimmerians",Colchis,,-1,-1,-1,-1,False,0
https://en.wikipedia.org/wiki/Spring_and_Autumn_period,722 BC,481 BC,,,Spring and Autumn period,,-1,-1,-1,-1,False,0
https://en.wikipedia.org/wiki/Urartu%E2%80%93Assyria_War,714 BC,after 706 BC,,Urartu,Urartu–Assyria War,Van,-1,-1,unknown,unknown,False,0
https://en.wikipedia.org/wiki/Lelantine_War,710 BC,650 BC,,,Lelantine War,Euboea,-1,-1,-1,-1,False,0
https://en.wikipedia.org/wiki/Sennacherib#War_with_Babylon,703 BC,689 BC,,"Babylonia,Chaldea,Aramaea,Elam",Sennacherib,,-1,-1,-1,-1,False,0
https://en.wikipedia.org/wiki/Sennacherib%27s_campaign_in_Judah,701 BC,701 BC,"Kingdom of Judah,Kushite Egypt",,Sennacherib's campaign in Judah,"Judah,Phoenicia,Philistia,Levant",200197,200197,unknown,unknown,False,0
https://en.wikipedia.org/wiki/Second_Messenian_War,685 BC,668 BC,"Corinth,Lepreo,Cretan,mercenaries","Arcadia,Sicyon,Elis,Argos",Second Messenian War,Peloponnese,-1,-1,-1,-1,False,0
https://en.wikipedia.org/wiki/Esarhaddon,671 BC,after 664 BC,,"Egypt,Kingdom of Kush",Esarhaddon,,-1,-1,-1,-1,False,0
https://en.wikipedia.org/wiki/Assyrian_conquest_of_Elam,655 BC,639 BC,,Elam,Assyrian conquest of Elam,"Mesopotamia,Elam",unknown,unknown,unknown,unknown,False,0
https://en.wikipedia.org/wiki/Shamash-shum-ukin,652 BC,648 or 646 BC,,"Assyrian Babylon,Mesopotamian Sealands,Elam,Chaldea,Guti,Amurru kingdom,Meluhha,Arab",Shamash-shum-ukin,,-1,-1,-1,-1,False,0
https://en.wikipedia.org/wiki/War_of_Qi%27s_succession,643 BC,642 BC,,,War of Qi's succession,"State,Qi",-1,-1,-1,-1,False,0
https://en.wikipedia.org/wiki/Roman-Latin_wars,642 BC,338 BC,"Roman Kingdom,Roman Republic",Latins,Roman-Latin wars,,-1,-1,-1,-1,False,0
https://en.wikipedia.org/wiki/Cylon_of_Athens,632 BC,632 BC,Athens,"Cylon of Athens,Megara",Cylon of Athens,,-1,-1,-1,-1,False,0
https://en.wikipedia.org/wiki/Revolt_of_Babylon_(626_BC),626 BC,626 BC,Babylonia,,Revolt of Babylon (626 BC),Babylon,unknown,unknown,unknown,unknown,False,0
https://en.wikipedia.org/wiki/Fall_of_Assur,614 BC,614 BC,Media,,Fall of Assur,Assur,unknown,1,unknown,unknown,False,0
https://en.wikipedia.org/wiki/Battle_of_Nineveh_(612_BC),c. 612 BC,c. 612 BC,"Medes,Persians,Elamites,Scythians,Chaldea,Cimmerians",,Battle of Nineveh (612 BC),Nineveh,unknown,unknown,-1,-1,False,0
https://en.wikipedia.org/wiki/Fall_of_Harran,608 BC,608 BC,Media,,Fall of Harran,Harran,unknown,unknown,unknown,unknown,False,0
https://en.wikipedia.org/wiki/Battle_of_Carchemish,c. 605 BC,c. 605 BC,,Egypt,Battle of Carchemish,Carchemish,unknown,unknown,-1,-1,False,0
https://en.wikipedia.org/wiki/Jewish%E2%80%93Babylonian_war,601 BC,586 BC,"Moab,Ammon,Chaldea",Kingdom of Judah,Jewish–Babylonian war,"Judah,Jerusalem",4200,unknown,unknown,unknown,False,0
https://en.wikipedia.org/wiki/First_Sacred_War,595 BC,585 BC,"Amphictyonic League of Delphi,Sicyon",Kirrha,First Sacred War,Greece,-1,-1,-1,-1,False,0
https://en.wikipedia.org/wiki/Colchis#Persian_rule,between 560 and 540 BC,between 560 and 540 BC,Achaemenid Empire of Persia,Colchis,Colchis,,-1,-1,-1,-1,False,0
https://en.wikipedia.org/wiki/Wars_of_Cyrus_the_Great,552 BC,539 BC,"Persis,Achaemenid Empire of Persia","Median Empire,Lydian Empire,Gandhara Empire,Sogdiana",Wars of Cyrus the Great,,-1,-1,-1,-1,False,0
https://en.wikipedia.org/wiki/Persian_Revolt,552 BC,550 BC,Persis,Median Empire,Persian Revolt,"Persis,Media",unknown,unknown,145001,70002,False,0
https://en.wikipedia.org/wiki/Wars_of_Cyrus_the_Great#Lydian_Empire_and_Asia_Minor,547 BC,547 BC,Achaemenid Empire of Persia,Lydia,Wars of Cyrus the Great,,-1,-1,-1,-1,False,0
https://en.wikipedia.org/wiki/Elam#Neo-Elamite_III_.28646.E2.80.93539.29,540 BC,539 BC,Achaemenid Empire of Persia,Elam,Elam,,-1,-1,-1,-1,False,0
https://en.wikipedia.org/wiki/Battle_of_Opis,539 BC,539 BC,Achaemenid Empire of Persia,,Battle of Opis,"Opis,Babylonia",4,unknown,-1,-1,False,0
https://en.wikipedia.org/wiki/Battle_of_Alalia,between 540 and 535 BC,between 540 and 535 BC,"Carthage,Etruscans","Greek,Phocaean,Alalia",Battle of Alalia,Corsica,40,unknown,60,120,False,0
https://en.wikipedia.org/wiki/Achaemenid_invasion_of_the_Indus_Valley,518 BC,518 BC,Achaemenid Empire of Persia,Haryanka dynasty,Achaemenid invasion of the Indus Valley,,-1,-1,-1,-1,False,0
https://en.wikipedia.org/wiki/Ionian_Revolt,499 BC,494 BC,Persia,"Ionia,Aeolis,Doris,Caria,Athens,Eretria,Cyprus",Ionian Revolt,"Asia Minor,Cyprus",-1,-1,-1,-1,False,0
https://en.wikipedia.org/wiki/Greco-Persian_Wars,499 BC,448 BC,"Greek city states,Athens,Sparta,Thespians,Thebans,Cyprus,Delian League",Achaemenid Empire of Persia,Greco-Persian Wars,"Greece,Thrace,Aegean Islands,Asia Minor,Cyprus,Egypt",300962,300962,-1,-1,False,0
https://en.wikipedia.org/wiki/Latin_War_(498%E2%80%93493_BC),498 BC,493 BC,Roman Republic,Latin League,Latin War (498–493 BC),Latium,-1,-1,-1,-1,False,0
https://en.wikipedia.org/wiki/First_Persian_invasion_of_Greece,492 BC,490 BC,Persia,"Ionia,Aeolis,Doris,Caria,Athens,Eretria,Cyprus",First Persian invasion of Greece,"Thrace,Macedon,Cyclades,Euboea,Attica",203,15409,10000,100000,False,0
https://en.wikipedia.org/wiki/Babylonian_revolts_(484_BC),484 BC,484 BC,Achaemenid Empire,,Babylonian revolts (484 BC),Babylonia,-1,-1,unknown,unknown,False,0
https://en.wikipedia.org/wiki/Second_Persian_invasion_of_Greece,480 BC,479 BC,"Athens,Sparta",Persian Empire,Second Persian invasion of Greece,Greece,-1,-1,125000,500000,False,0
https://en.wikipedia.org/wiki/Persian_Wars,487 BC,448 BC,,,Persian Wars,"Greece,Thrace,Aegean Islands,Asia Minor,Cyprus,Egypt",300962,300962,-1,-1,False,0
https://en.wikipedia.org/wiki/Sicilian_Wars,480 BC,480 BC,"Syracuse,Agrigentum",Carthage,Sicilian Wars,"Sicily,Sardinia,Tyrrhenian Sea,Ionian Sea,Strait of Sicily",-1,-1,-1,-1,False,0
https://en.wikipedia.org/wiki/Battle_of_the_Cremera,477 BC,477 BC,Veii,Roman Republic,Battle of the Cremera,"Cremera,Italy",306,unknown,306,unknown,False,0
https://en.wikipedia.org/wiki/Warring_States_period,475 BC,221 BC,,,Warring States period,,-1,-1,-1,-1,False,0
https://en.wikipedia.org/wiki/Battle_of_Cumae,474 BC,474 BC,"Syracuse,Cumae",Etruscans,Battle of Cumae,,-1,-1,-1,-1,False,0
https://en.wikipedia.org/wiki/Helots,464 BC,464 BC,"Sparta,Peloponnesian League","Helots,Perioeci",Helots,,-1,-1,-1,-1,False,0
https://en.wikipedia.org/wiki/First_Peloponnesian_War,460 BC,445 BC,,,First Peloponnesian War,Greece,-1,-1,-1,-1,False,0
https://en.wikipedia.org/wiki/Inaros_II,460 BC,454 BC,,,Inaros II,,-1,-1,-1,-1,False,0
https://en.wikipedia.org/wiki/Second_Sacred_War,449 BC,448 BC,,,Second Sacred War,Temple of Apollo at Delphi,-1,-1,-1,-1,False,0
https://en.wikipedia.org/wiki/Samian_War,440 BC,440 BC,Athens,Samos,Samian War,Samos,-1,-1,-1,-1,False,0
https://en.wikipedia.org/wiki/Peloponnesian_War,431 BC,404 BC,Peloponnesian League,Delian League,Peloponnesian War,"Greece,Asia Minor,Sicily",18071,unknown,-1,-1,False,0
https://en.wikipedia.org/wiki/Athenian_coup_of_411_BC,411 BC,411 BC,,Athens,Athenian coup of 411 BC,Athens,-1,-1,-1,-1,False,0
https://en.wikipedia.org/wiki/Sicilian_Wars,410 BC,340 BC,"Syracuse,Corinth,Sparta","Athens,Delian League,Segesta",Sicilian Wars,"Sicily,Sardinia,Tyrrhenian Sea,Ionian Sea,Strait of Sicily",-1,-1,-1,-1,False,0
https://en.wikipedia.org/wiki/Second_Persian_invasion_of_Greece,480 BC,479 BC,"Athens,Sparta",Persian Empire,Second Persian invasion of Greece,Greece,-1,-1,125000,500000,False,0
https://en.wikipedia.org/wiki/Corinthian_War,395 BC,387 BC,"Athens,Argos,Corinth,Thebes,Persian Empire","Sparta,Peloponnesian League",Corinthian War,"Mainland Greece,Aegean Sea",-1,-1,-1,-1,False,0
https://en.wikipedia.org/wiki/Battle_of_the_Allia,"390 BC (traditional)
387 BC (probable)","390 BC (traditional)
387 BC (probable)",Gauls,Roman Republic,Battle of the Allia,"Allia,Rome",unknown,unknown,114040,122048,False,0
https://en.wikipedia.org/wiki/Artaxerxes%27_II_Cadusian_Campaign,385 BC,385 BC,Cadusii,Persian Empire,Artaxerxes' II Cadusian Campaign,Media Atropatene,-1,-1,310000,unknown,False,0
https://en.wikipedia.org/wiki/Dardanian_invasion_of_Epirus,385 BC,385 BC,"Kingdom of Dardania,Syracuse","Molossia,Sparta,Thessaly,Macedonia",Dardanian invasion of Epirus,Epirus,unknown,15000,2000,unknown,False,0
https://en.wikipedia.org/wiki/Boeotian_War,378 BC,372 BC,"Thebes,Athens",Sparta,Boeotian War,Greece,unknown,unknown,-1,-1,False,0
https://en.wikipedia.org/wiki/Revolt_of_the_Satraps,372 BC,362 BC,Achaemenid Empire,,Revolt of the Satraps,Asia Minor,-1,-1,-1,-1,False,0
https://en.wikipedia.org/wiki/Battle_of_Leuctra,371 BC,371 BC,Boeotian League,Sparta,Battle of Leuctra,Boeotia,347,5000,14500,22000,False,0
https://en.wikipedia.org/wiki/Battle_of_Mantinea_(362_BC),362 BC,362 BC,,,Battle of Mantinea (362 BC),"Mantinea,Arcadia",-1,-1,-1,-1,False,0
https://en.wikipedia.org/wiki/Perdiccas_III_of_Macedon,360 BC,360 BC,Kingdom of Dardania,Macedonia,Perdiccas III of Macedon,,-1,-1,-1,-1,False,0
https://en.wikipedia.org/wiki/Rise_of_Macedon,358 BC,336 BC,,,Rise of Macedon,"Thrace,Illyria,Greece,Asia Minor",-1,-1,-1,-1,False,0
https://en.wikipedia.org/wiki/Social_War_(357-355_BC),357 BC,355 BC,"Chios,Rhodes,Kos,Byzantion",Second Athenian League,Social War (357-355 BC),"Aegean Sea,Asia Minor",-1,-1,-1,-1,False,0
https://en.wikipedia.org/wiki/Third_Sacred_War,356 BC,346 BC,Amphictyonic League,"Phocis,Pherae,Athens,Sparta",Third Sacred War,"Phocis,Locris,Doris,Boeotia,Thessaly",-1,-1,-1,-1,False,0
https://en.wikipedia.org/wiki/First_Samnite_War,343 BC,341 BC,"Roman Republic,Sidicini",Samnites,First Samnite War,,-1,-1,-1,-1,False,0
https://en.wikipedia.org/wiki/Latin_War,340 BC,338 BC,"Roman Republic,Samnites","Latin League,Campanians,Volsci,Sidicini,Aurunci",Latin War,"Latium,Campania",-1,-1,-1,-1,False,0
https://en.wikipedia.org/wiki/Battle_of_Chaeronea_(338_BC),339 BC,338 BC,Macedon,"Athens,Thebes,Corinth,Megara,Achaea,Chalcis,Epidaurus,Troezen",Battle of Chaeronea (338 BC),"Chaeronea,Boeotia,Greece",3800,6000,32000,35000,False,0
https://en.wikipedia.org/wiki/Second_Samnite_War,327 BC,304 BC,"Roman Republic,Volsci","Samnites,Sidicini,Aurunci,Ausoni,Vestini",Second Samnite War,,-1,-1,-1,-1,False,0
https://en.wikipedia.org/wiki/Wars_of_Alexander_the_Great,334 BC,323 BC,Macedon,"Persian Empire,Pauravas,Greek city states,Thrace,Getae,Sogdiana",Wars of Alexander the Great,"Greece,Illyria,Thrace,Danube Delta,Asia Minor,Syria,Phoenicia,Judea,Egypt,Mesopotamia,Babylonia,Persia,Sogdia,Bactria,Afghanistan,Taxila,India,Palestine,Israel,Jordan,Turkey",-1,-1,-1,-1,False,0
https://en.wikipedia.org/wiki/Battle_of_Megalopolis,332 BC,331 BC,Macedon,"Sparta,Thracian",Battle of Megalopolis,Megalopolis,4500,5300,40000,22000,False,0
https://en.wikipedia.org/wiki/Lamian_War,323 BC,322 BC,Macedon,"Athens,Aetolian League,Achaean League,Arcadians,Corinth",Lamian War,Greece,-1,-1,-1,-1,False,0
https://en.wikipedia.org/wiki/Conquest_of_the_Nanda_Empire,321 BC,320 BC,Maurya Empire,Nanda Empire,Conquest of the Nanda Empire,"Nanda Empire,India",-1,-1,-1,-1,False,0
https://en.wikipedia.org/wiki/Sicilian_Wars,315 BC,307 BC,,,Sicilian Wars,"Sicily,Sardinia,Tyrrhenian Sea,Ionian Sea,Strait of Sicily",-1,-1,-1,-1,False,0
https://en.wikipedia.org/wiki/Antigonid%E2%80%93Nabataean_confrontations,312 BC,312 BC,Nabataean Kingdom,Antigonid dynasty,Antigonid–Nabataean confrontations,Nabataea,4590,unknown,12600,14000,False,0
https://en.wikipedia.org/wiki/Babylonian_War,311 BC,309 BC,Seleucid Empire,Antigonid dynasty,Babylonian War,"Babylonia,Media,Elam",-1,-1,-1,-1,False,0
https://en.wikipedia.org/wiki/Bosporan_Civil_War,311 BC,309 BC,The Siraceni,"Bosporans,Scythians",Bosporan Civil War,,unknown,unknown,42000,34000,False,0
https://en.wikipedia.org/wiki/Siege_of_Rhodes_(305%E2%80%93304_BC),305 BC,304 BC,"Rhodes,Ptolemaic Kingdom,Seleucid Empire",Antigonid dynasty,Siege of Rhodes (305–304 BC),Rhodes,1300,5400,40171,7002,False,0
https://en.wikipedia.org/wiki/Seleucid-Mauryan_War,305 BC,303 BC,Maurya Empire,Seleucid Empire,Seleucid-Mauryan War,"India,Indus River Valley",unknown,unknown,unknown,unknown,False,0
https://en.wikipedia.org/wiki/Gojoseon%E2%80%93Yan_War,c. 300 BC,c. 300 BC,Yan,Gojoseon,Gojoseon–Yan War,Liaodong Peninsula,-1,-1,-1,-1,False,0
https://en.wikipedia.org/wiki/Third_Samnite_War,298 BC,290 BC,,,Third Samnite War,,-1,-1,-1,-1,False,0
https://en.wikipedia.org/wiki/Gallic_invasion_of_the_Balkans,281 BC,279 BC,"Aetolian League,Illyrians,Macedon,Thracians,Paeonians",Gauls,Gallic invasion of the Balkans,,-1,-1,-1,-1,False,0
https://en.wikipedia.org/wiki/Pyrrhic_War,280 BC,275 BC,"Roman Republic,Carthage","Epirus,Magna Graecia,Samnium",Pyrrhic War,"Italy,Sicily",31800,27585,-1,-1,False,0
https://en.wikipedia.org/wiki/Syrian_Wars,274 BC,200 BC,,,Syrian Wars,Coele-Syria,-1,-1,-1,-1,False,0
https://en.wikipedia.org/wiki/First_Syrian_War,274 BC,271 BC,Ptolemaic Kingdom,Seleucid Empire,First Syrian War,Coele-Syria,-1,-1,-1,-1,False,0
https://en.wikipedia.org/wiki/Second_Syrian_War,260 BC,255 BC,,,Second Syrian War,Coele-Syria,-1,-1,-1,-1,False,0
https://en.wikipedia.org/wiki/Third_Syrian_War,245 BC,241 BC,Ptolemaic Kingdom,Seleucid Empire,Third Syrian War,Coele-Syria,-1,-1,-1,-1,False,0
https://en.wikipedia.org/wiki/Fourth_Syrian_War,219 BC,217 BC,Ptolemaic Kingdom,Seleucid Empire,Fourth Syrian War,Coele-Syria,-1,-1,-1,-1,False,0
https://en.wikipedia.org/wiki/Fifth_Syrian_War,202 BC,200 BC,,,Fifth Syrian War,Coele-Syria,-1,-1,-1,-1,False,0
https://en.wikipedia.org/wiki/Chremonidean_War,267 BC,261 BC,Macedon,"Athens,Sparta,Ptolemaic Egypt",Chremonidean War,Greece,-1,-1,-1,-1,False,0
https://en.wikipedia.org/wiki/Kalinga_War,265 BC,263 BC,Maurya Empire,Kalinga,Kalinga War,"Kalinga,India",70000,150009,200000,160707,False,0
https://en.wikipedia.org/wiki/Punic_Wars,264 BC,146 BC,,,Punic Wars,,-1,-1,-1,-1,False,0
https://en.wikipedia.org/wiki/First_Punic_War,264 BC,241 BC,Roman Republic,Ancient Carthage,First Punic War,"Mediterranean Sea,Sicily,North Africa,Italia,Corsica,Sardinia",-1,-1,-1,-1,False,0
https://en.wikipedia.org/wiki/Second_Punic_War,218 BC,202 BC,,,Second Punic War,,-1,-1,-1,-1,False,0
https://en.wikipedia.org/wiki/Third_Punic_War,149 BC,"146 BC
(ceremonial peace, 1985)",,,Third Punic War,Tunisia,unknown,1,unknown,unknown,False,0
https://en.wikipedia.org/wiki/Mercenary_War,240 BC,238 BC,Ancient Carthage,"mercenary,First Punic War,Libyans,Numidians",Mercenary War,Tunisia,unknown,unknown,unknown,90000,False,0
https://en.wikipedia.org/wiki/Parni_conquest_of_Parthia,238 BC,238 BC,Parni,Parthia,Parni conquest of Parthia,Parthia,-1,-1,-1,-1,False,0
https://en.wikipedia.org/wiki/Barcid_conquest_of_Hispania,237 BC,219 BC,Carthage,"Turdetani,Bastetani,Greek colonists,Germani,Tartessian,Celtiberian",Barcid conquest of Hispania,Carthaginian Iberia,-1,-1,-1,-1,False,0
https://en.wikipedia.org/wiki/Greco-Bactrian_Kingdom#Overthrow_of_Diodotus_II_.28230_BC.29,c. 230 BC,c. 220 BC,Euthydemus I,,Greco-Bactrian Kingdom,,-1,-1,-1,-1,False,0
https://en.wikipedia.org/wiki/Qin%27s_wars_of_unification,230 BC,221 BC,Qin,"Han,Zhao,Dai,Yan,Wei,Chu,Qi",Qin's wars of unification,China,-1,-1,1200000,1500000,False,0
https://en.wikipedia.org/wiki/Qin%27s_wars_of_unification#Conquest_of_Han,230 BC,230 BC,,,Qin's wars of unification,China,-1,-1,1200000,1500000,False,0
https://en.wikipedia.org/wiki/First_Illyrian_War,229 BC,228 BC,,,First Illyrian War,,-1,-1,-1,-1,False,0
https://en.wikipedia.org/wiki/Cleomenean_War,229 BC,222 BC,"Achaean League,Macedon","Sparta,Elis",Cleomenean War,Peloponnese,-1,-1,20000,30000,False,0
https://en.wikipedia.org/wiki/Qin%27s_wars_of_unification#Conquest_of_Zhao,228 BC,228 BC,,,Qin's wars of unification,China,-1,-1,1200000,1500000,False,0
https://en.wikipedia.org/wiki/Qin%27s_wars_of_unification#Conquest_of_Yan,226 BC,226 BC,,,Qin's wars of unification,China,-1,-1,1200000,1500000,False,0
https://en.wikipedia.org/wiki/Qin%27s_wars_of_unification#Conquest_of_Wei,225 BC,225 BC,,,Qin's wars of unification,China,-1,-1,1200000,1500000,False,0
https://en.wikipedia.org/wiki/Qin%27s_wars_of_unification#Conquest_of_Chu,225 BC,223 BC,,,Qin's wars of unification,China,-1,-1,1200000,1500000,False,0
https://en.wikipedia.org/wiki/Qin%27s_wars_of_unification#Conquest_of_Yan,222 BC,222 BC,,,Qin's wars of unification,China,-1,-1,1200000,1500000,False,0
https://en.wikipedia.org/wiki/Dai_(Warring_States_period),222 BC,222 BC,,,Dai (Warring States period),,-1,-1,-1,-1,False,0
https://en.wikipedia.org/wiki/Wu_(region),222 BC,222 BC,,,Wu (region),,-1,-1,-1,-1,False,0
https://en.wikipedia.org/wiki/Qin%27s_wars_of_unification#Conquest_of_Qi,221 BC,221 BC,,,Qin's wars of unification,China,-1,-1,1200000,1500000,False,0
https://en.wikipedia.org/wiki/Second_Illyrian_War,220 BC,219 BC,,,Second Illyrian War,,-1,-1,-1,-1,False,0
https://en.wikipedia.org/wiki/Lyttian_War,220 BC,220 BC,"Polyrrhenia,Lyctus,Lappa,Macedonia,Achaean League","Knossos,Gortys,Kydonia,Rhodes,Aetolian League",Lyttian War,Crete,-1,-1,1006,700,False,0
https://en.wikipedia.org/wiki/Qin%27s_campaign_against_the_Xiongnu,215 BC,215 BC,Qin dynasty,Xiongnu,Qin's campaign against the Xiongnu,Ordos region,-1,-1,400003,unknown,False,0
https://en.wikipedia.org/wiki/Macedonian_Wars,215 BC,168 BC,Roman Republic,Macedonian Empire,Macedonian Wars,,-1,-1,-1,-1,False,0
https://en.wikipedia.org/wiki/First_Macedonian_War,215 BC,205 BC,"Roman Republic,Aetolian League,Pergamon,Elis,Messenia","Macedonia,Achaean League",First Macedonian War,Illyria,-1,-1,-1,-1,False,0
https://en.wikipedia.org/wiki/Qin%27s_campaign_against_the_Yue_tribes,214 BC,214 BC,Qin dynasty,Baiyue,Qin's campaign against the Yue tribes,,-1,-1,500000,unknown,False,0
https://en.wikipedia.org/wiki/Greco-Bactrian_Kingdom#Seleucid_invasion,c. 210 BC,c. 206 BC,,Seleucid Empire,Greco-Bactrian Kingdom,,-1,-1,-1,-1,False,0
https://en.wikipedia.org/wiki/Qin_dynasty,209 BC,206 BC,,Qin dynasty,Qin dynasty,,-1,-1,-1,-1,False,0
https://en.wikipedia.org/wiki/Dazexiang_uprising,209 BC,209 BC,Qin dynasty,"Chen Sheng,Wu Guang,Chu",Dazexiang uprising,"Henan,China",-1,-1,900,unknown,False,0
https://en.wikipedia.org/wiki/Xiang_Liang#Rebelling_against_the_Qin_dynasty,209 BC,208 BC,Qin dynasty,"Xiang Liang,Kuaiji,Chu",Xiang Liang,,-1,-1,-1,-1,False,0
https://en.wikipedia.org/wiki/Emperor_Gaozu_of_Han#Insurrection_against_the_Qin_dynasty,209 BC,206 BC,"Liu Bang,Yan,Zhao,Qi,Wei",Qin dynasty,Emperor Gaozu of Han,,-1,-1,-1,-1,False,0
https://en.wikipedia.org/wiki/Seleucid%E2%80%93Parthian_wars,209 BC,88 BC,Parthian Empire,Seleucid Empire,Seleucid–Parthian wars,"Mesopotamia,Iran,Central Asia",-1,-1,-1,-1,False,0
https://en.wikipedia.org/wiki/Siege_of_Bactra,208 BC,c. 206 BC,,Seleucid Empire,Siege of Bactra,"Balkh,Afghanistan",-1,-1,-1,-1,False,0
https://en.wikipedia.org/wiki/Chu-Han_contention,206 BC,202 BC,Han,Western Chu,Chu-Han contention,,-1,-1,-1,-1,False,0
https://en.wikipedia.org/wiki/Cretan_War_(205%E2%80%93200_BC),205 BC,200 BC,"Rhodes,Pergamum,Byzantium,Cyzicus,Athens,Knossos","Macedon,Hierapytna,Olous,Aetolia,Spartan,Acarnania",Cretan War (205–200 BC),"Crete,Rhodes,Greece,Asia Minor,Aegean Sea",-1,-1,-1,-1,False,0
https://en.wikipedia.org/wiki/Second_Macedonian_War,200 BC,196 BC,"Roman Republic,Pergamon,Rhodes",Macedon,Second Macedonian War,,-1,-1,-1,-1,False,0
https://en.wikipedia.org/wiki/Battle_of_Baideng,200 BC,198 BC,Xiongnu,Han dynasty,Battle of Baideng,"Datong,Shanxi",-1,-1,460003,320002,False,0
https://en.wikipedia.org/wiki/Roman-Spartan_War,195 BC,195 BC,"Roman Republic,Achaean League,Macedon,Pergamum,Rhodes",Sparta,Roman-Spartan War,"Laconia,Argolid",-1,-1,30001,50100,False,0
https://en.wikipedia.org/wiki/Roman-Syrian_War,191 BC,188 BC,"Roman Republic,Achaean League,Macedon,Pergamum,Rhodes","Seleucid Empire,Aetolian League,Athamania",Roman-Syrian War,"Greece,Asia Minor",-1,-1,-1,-1,False,0
https://en.wikipedia.org/wiki/Galatian_War,189 BC,189 BC,"Roman Republic,Pergamum",Galatia,Galatian War,"Galatia,Asia Minor,Turkey",-1,-1,50000,2800,False,0
https://en.wikipedia.org/wiki/Greco-Bactrian_Kingdom#Expansion_into_India_.28after_180_BC.29,180 BC,175 BC,,"Shunga Empire,Maurya Empire",Greco-Bactrian Kingdom,,-1,-1,-1,-1,False,0
https://en.wikipedia.org/wiki/Dardanian-Bastarnae_war,179 BC,175 BC,Kingdom of Dardania,"Bastarnae,Kingdom of Macedonia,Odrysian Kingdom,Scordisci",Dardanian-Bastarnae war,,unknown,unknown,unknown,30000,False,0
https://en.wikipedia.org/wiki/Third_Macedonian_War,171 BC,168 BC,"Roman Republic,Pergamon",Macedon,Third Macedonian War,"Thessaly,Ancient Macedonia,Illyria",unknown,150000,-1,-1,False,0
https://en.wikipedia.org/wiki/Greco-Bactrian_Kingdom#Usurpation_of_Eucratides,170 BC,170 BC,Eucratides I,,Greco-Bactrian Kingdom,,-1,-1,-1,-1,False,0
https://en.wikipedia.org/wiki/Greco-Bactrian_Kingdom#Defeats_against_Parthia,c. 167 BC,c. 167 BC,"Parthian Empire,Euthydemid",,Greco-Bactrian Kingdom,,-1,-1,-1,-1,False,0
https://en.wikipedia.org/wiki/Maccabean_Revolt,167 BC,160 BC,Judea,Seleucid Empire,Maccabean Revolt,"Judea,Coele-Syria,Seleucid Empire",-1,-1,-1,-1,False,0
https://en.wikipedia.org/wiki/Greco-Bactrian_Kingdom#Nomadic_invasions,162 BC,c. 70 BC,"Yuezhi,Scythians,Saka,Wusun",,Greco-Bactrian Kingdom,,-1,-1,-1,-1,False,0
https://en.wikipedia.org/wiki/Lusitanian_War,155 BC,139 BC,Roman Republic,,Lusitanian War,Hispania,-1,-1,-1,-1,False,0
https://en.wikipedia.org/wiki/Rebellion_of_the_Seven_States,154 BC,154 BC,Han Dynasty,"Zhao,Jiaoxi,Jiaodong,Zichuan,Jinan",Rebellion of the Seven States,,unknown,unknown,360000,500000,False,0
https://en.wikipedia.org/wiki/Han_campaigns_against_Minyue,138 BC,111 BC,Han Dynasty,Minyue,Han campaigns against Minyue,Fujian,-1,-1,-1,-1,False,0
https://en.wikipedia.org/wiki/Roman_Servile_Wars,135 BC,71 BC,Roman Republic,slaves,Roman Servile Wars,,-1,-1,-1,-1,False,0
https://en.wikipedia.org/wiki/First_Servile_War,135 BC,132 BC,Roman Republic,Sicily,First Servile War,"Sicily,Achaea",-1,-1,-1,-1,False,0
https://en.wikipedia.org/wiki/Han%E2%80%93Xiongnu_War,133 BC,89 AD,Han empire,Xiongnu,Han–Xiongnu War,"China,Mongolia,Siberia,Central Asia",-1,-1,-1,-1,False,0
https://en.wikipedia.org/wiki/Quintus_Caecilius_Metellus_Balearicus#Career,123 BC,121 BC,Roman Republic,"Balearic,pirates",Quintus Caecilius Metellus Balearicus,,-1,-1,-1,-1,False,0
https://en.wikipedia.org/wiki/Jugurthine_War,122 BC,105 BC,Roman Republic,Numidia,Jugurthine War,Numidia,-1,-1,-1,-1,False,0
https://en.wikipedia.org/wiki/Cimbrian_War,113 BC,101 BC,Roman Republic,"Cimbri,Teutons",Cimbrian War,"Noricum,Gaul",110000,640003,-1,-1,False,0
https://en.wikipedia.org/wiki/Han%E2%80%93Nanyue_War,111 BC,111 BC,Han Dynasty,Nanyue,Han–Nanyue War,,-1,-1,100000,unknown,False,0
https://en.wikipedia.org/wiki/Han_campaigns_against_Dian,109 BC,109 BC,Han Dynasty,Dian Kingdom,Han campaigns against Dian,Yunnan,-1,-1,unknown,30000,False,0
https://en.wikipedia.org/wiki/Han_conquest_of_Gojoseon,109 BC,108 BC,Han Dynasty,Wiman Joseon,Han conquest of Gojoseon,"Liaodong Peninsula,Korean Peninsula,Bohai Sea",-1,-1,unknown,50001,False,0
https://en.wikipedia.org/wiki/Ptolemy_IX_Soter,107 BC,88 BC,"Egypt,Ptolemy IX Soter,Cyprus,Phoenicia","Egypt,Cleopatra III,Judea,Nabatea",Ptolemy IX Soter,,-1,-1,-1,-1,False,0
https://en.wikipedia.org/wiki/War_of_the_Heavenly_Horses,104 BC,101 BC,Han Dynasty,Dayuan,War of the Heavenly Horses,Ferghana Valley,-1,-1,236209,3000,False,0
https://en.wikipedia.org/wiki/Second_Servile_War,104 BC,100 BC,Roman Republic,Sicily,Second Servile War,Sicily,-1,-1,-1,-1,False,0
https://en.wikipedia.org/wiki/Battle_of_Gadara,93 BC,93 BC,Nabataean Kingdom,Hasmonean dynasty,Battle of Gadara,"Gadara,Transjordan",-1,-1,-1,-1,False,0
https://en.wikipedia.org/wiki/Judean_Civil_War,93 BC,87 BC,Sadducees,Pharisees,Judean Civil War,Judea,unknown,800,-1,-1,False,0
https://en.wikipedia.org/wiki/Social_War_(91%E2%80%9388_BC),91 BC,88 BC,Roman Republic,"Italy,Marsi,Samnium",Social War (91–88 BC),Roman Italy,50003,50003,175000,130000,False,0
https://en.wikipedia.org/wiki/Mithridatic_Wars,89 BC,63 BC,Roman Republic,Kingdom of Pontus,Mithridatic Wars,Eastern Mediterranean,-1,-1,-1,-1,False,0
https://en.wikipedia.org/wiki/First_Mithridatic_War,89 BC,85 BC,"Roman Republic,Kingdom of Bithynia",Kingdom of Pontus,First Mithridatic War,"Asia Minor,Achaea,Greece,Aegean Sea",200000,150000,127000,352500,False,0
https://en.wikipedia.org/wiki/Sulla%27s_first_civil_war,88 BC,87 BC,,,Sulla's first civil war,Italia,-1,-1,-1,-1,False,0
https://en.wikipedia.org/wiki/Armenian%E2%80%93Parthian_War,87 BC,85 BC,Kingdom of Armenia,Parthian Empire,Armenian–Parthian War,Mesopotamia,-1,-1,-1,-1,False,0
https://en.wikipedia.org/wiki/Battle_of_Cana,84 BC,84 BC,Nabataean Kingdom,Seleucid Empire,Battle of Cana,,-1,-1,-1,-1,False,0
https://en.wikipedia.org/wiki/Second_Mithridatic_War,83 BC,82 BC,Roman Republic,Kingdom of Pontus,Second Mithridatic War,Asia Minor,-1,-1,-1,-1,False,0
https://en.wikipedia.org/wiki/Sulla%27s_second_civil_war,82 BC,81 BC,Optimates,Populares,Sulla's second civil war,"Italia,Sicily,Africa",-1,-1,30084,100002,False,0
https://en.wikipedia.org/wiki/Third_Servile_War,73 BC,71 BC,Roman Republic,Spartacus,Third Servile War,,41000,20000,120000,48000,False,0
https://en.wikipedia.org/wiki/Third_Mithridatic_War,74 BC,63 BC,"Roman Republic,Bithynia","Kingdom of Pontus,Kingdom of Armenia",Third Mithridatic War,Asia Minor,-1,-1,-1,-1,False,0
https://en.wikipedia.org/wiki/Hasmonean_Civil_War,67 BC,63 BC,"Pharisees,Roman Republic,Nabatean Kingdom",Sadducees,Hasmonean Civil War,Hasmonean Kingdom,12000,6000,unknown,56001,False,0
https://en.wikipedia.org/wiki/Roman%E2%80%93Parthian_Wars,66 BC,217 AD,Roman Republic,Parthian Empire,Roman–Parthian Wars,"Southeastern Anatolia,Armenia,Osroene,Syria,Judea,Mesopotamia",-1,-1,-1,-1,False,0
https://en.wikipedia.org/wiki/Pompey%27s_campaign_in_Iberia_and_Albania,65 BC,65 BC,Roman Republic,"Iberian Kingdom,Caucasian Albania",Pompey's campaign in Iberia and Albania,"Caucasus,Anatolia",-1,-1,-1,-1,False,0
https://en.wikipedia.org/wiki/Gallic_Wars,58 BC,50 BC,Roman Republic,"Gallic tribes,Belgic tribes,British tribes,Aquitanian tribes,Germanic tribes,Iberian tribes",Gallic Wars,"Gaul,France,Luxembourg,Belgium,Switzerland,northern Italy,Britain,55–54 BC",40000,2430838,75000,4000000,False,0
https://en.wikipedia.org/wiki/Caesar%27s_invasions_of_Britain,55 BC,54 BC,"Roman Republic,Trinovantes",Britons,Caesar's invasions of Britain,"Kent,Thames,Essex,Hertfordshire",-1,-1,62343,unknown,False,0
https://en.wikipedia.org/wiki/Battle_of_Carrhae,53 BC,51 BC,Parthian Empire,Roman Republic,Battle of Carrhae,Harran,30003,unknown,150000,10000,False,0
https://en.wikipedia.org/wiki/Caesar%27s_Civil_War,49 BC,45 BC,"Julius Caesar,Populares","Roman Senate,Optimates",Caesar's Civil War,"Hispania,Italia,Graecia,Illyria,Aegyptus,Africa",-1,-1,60,66,False,0
https://en.wikipedia.org/wiki/Roman_civil_wars,44 BC,30 BC,,,Roman civil wars,,-1,-1,-1,-1,False,0
https://en.wikipedia.org/wiki/Battle_of_Mutina,44 BC,44 BC,,,Battle of Mutina,,-1,-1,-1,-1,False,0
https://en.wikipedia.org/wiki/Liberators%27_civil_war,44 BC,42 BC,Second Triumvirate,Liberatores,Liberators' civil war,Macedonia,-1,-1,-1,-1,False,0
https://en.wikipedia.org/wiki/Sicilian_revolt,44 BC,36 BC,Roman Republic,Sextus Pompeius,Sicilian revolt,"Sicily,Roman Republic",-1,-1,200000,200000,False,0
https://en.wikipedia.org/wiki/Perusine_War,41 BC,40 BC,Roman Republic,,Perusine War,"Rome,Perusia",-1,-1,125000,48000,False,0
https://en.wikipedia.org/wiki/Perusine_War,41 BC,40 BC,Roman Republic,"Fulvia,Lucius Antonius",Perusine War,"Rome,Perusia",-1,-1,125000,48000,False,0
https://en.wikipedia.org/wiki/Final_War_of_the_Roman_Republic,32 BC,30 BC,"Roman Republic,Octavian","Ptolemaic Egypt,Mark Antony",Final War of the Roman Republic,"Greece,Egypt",50000,75000,200450,213600,False,0
https://en.wikipedia.org/wiki/Antony%27s_Parthian_War,40 BC,33 BC,,,Antony's Parthian War,Atropatene,32002,unknown,100000,50000,False,0
https://en.wikipedia.org/wiki/Cantabrian_Wars,29 BC,19 BC,Roman Empire,"Cantabri,Astures",Cantabrian Wars,"Cantabria,Asturias,León,Palencia",unknown,unknown,170000,150000,False,0
https://en.wikipedia.org/wiki/Garamantes#History,19 BC,19 BC,Roman Empire,Garamantes,Garamantes,,-1,-1,-1,-1,False,0
https://en.wikipedia.org/wiki/Bellum_Batonianum,6 AD,9 AD,"Roman Empire,Odrysian Kingdom","Daesitiates,Breuci,Dalmatae,Andizetes,Pannonians,Pirustae,Liburnians,Japodes",Bellum Batonianum,Roman province of Illyricum,unknown,unknown,1009001,112,False,0
https://en.wikipedia.org/wiki/Battle_of_the_Teutoburg_Forest,9 AD,9 AD,Cherusci,Roman Empire,Battle of the Teutoburg Forest,"Osnabrück,Lower Saxony",15,36009,35002,36758,False,0
https://en.wikipedia.org/wiki/Daeso#War_with_Goguryeo,6 AD,21 AD,Goguryeo,Dongbuyeo,Daeso,,-1,-1,-1,-1,False,0
https://en.wikipedia.org/wiki/Maroboduus#War_with_Arminius_and_death,17 AD,18 AD,Arminius,Marcomanni,Maroboduus,,-1,-1,-1,-1,False,0
https://en.wikipedia.org/wiki/Battle_of_Kunyang,c. 17 AD,23 AD,Lülin,Xin dynasty,Battle of Kunyang,"Kunyang,Henan",unknown,unknown,430000,10000,False,0
https://en.wikipedia.org/wiki/Tacfarinas,17 AD,24 AD,Roman Empire,"Musulamii,Numidia",Tacfarinas,,-1,-1,-1,-1,False,0
https://en.wikipedia.org/wiki/Red_Eyebrows,c. 17 AD,26 AD,Red Eyebrows movement,"Xin dynasty,Gengshi Emperor",Red Eyebrows,,-1,-1,-1,-1,False,0
https://en.wikipedia.org/wiki/Trung_sisters%27_rebellion,39 AD,43 AD,Han dynasty,Lac Viet,Trung sisters' rebellion,,-1,-1,20000,unknown,False,0
https://en.wikipedia.org/wiki/Roman_conquest_of_Britain,43 AD,96 AD,Roman Empire,British tribes,Roman conquest of Britain,"Britannia,England,Wales,Caledonia,Scotland",77001,350005,-1,-1,False,0
https://en.wikipedia.org/wiki/Publius_Ostorius_Scapula#Career,47 AD,47 AD,Roman Empire,Iceni,Publius Ostorius Scapula,,-1,-1,-1,-1,False,0
https://en.wikipedia.org/wiki/War_between_Armenia_and_Iberia,50 AD,53 AD,Kingdom of Iberia,Kingdom of Armenia,War between Armenia and Iberia,Armenia,-1,-1,-1,-1,False,0
https://en.wikipedia.org/wiki/Hermunduri,c. 58 AD,c. 58 AD,Hermunduri,Chatti,Hermunduri,,-1,-1,-1,-1,False,0
https://en.wikipedia.org/wiki/Roman%E2%80%93Parthian_War_of_58%E2%80%9363,58 AD,63 AD,,,Roman–Parthian War of 58–63,Armenia,-1,-1,-1,-1,False,0
https://en.wikipedia.org/wiki/Roman_conquest_of_Anglesey,60 or 61 AD,60 or 61 AD,Roman Empire,Celtic Britons,Roman conquest of Anglesey,Anglesey,unknown,unknown,unknown,unknown,False,0
https://en.wikipedia.org/wiki/Boudica#Boudica.27s_uprising,60 or 61 AD,60 or 61 AD,Roman Empire,"Iceni,Trinovantes,British tribes",Boudica,,-1,-1,-1,-1,False,0
https://en.wikipedia.org/wiki/First_Jewish%E2%80%93Roman_War,66 AD,73 AD,Roman Empire,"Judean,Sadducees,Adiabene",First Jewish–Roman War,Judea (Roman province),10000,55000,125095,51500,False,0
https://en.wikipedia.org/wiki/Year_of_the_Four_Emperors,69 AD,69 AD,,,Year of the Four Emperors,,-1,-1,-1,-1,False,0
https://en.wikipedia.org/wiki/Revolt_of_the_Batavi,69 AD,70 AD,Roman Empire,"Batavi,Cananefates,Frisii,Lingones,Treveri",Revolt of the Batavi,Germania Inferior,unknown,30000,20000,65000,False,0
https://en.wikipedia.org/wiki/Battle_of_Yiwulu,73 AD,73 AD,Han dynasty,Northern Xiongnu,Battle of Yiwulu,"Kumul,Xinjiang",1000,unknown,unknown,12000,False,0
https://en.wikipedia.org/wiki/Battle_of_the_Altai_Mountains,89 AD,93 AD,"Han dynasty,Southern Xiongnu",Northern Xiongnu,Battle of the Altai Mountains,,unknown,unknown,unknown,96002,False,0
https://en.wikipedia.org/wiki/First_Dacian_War,101 AD,102 AD,,,First Dacian War,Dacia,-1,-1,-1,-1,False,0
https://en.wikipedia.org/wiki/Second_Dacian_War,105 AD,106 AD,Roman Empire,Dacian Kingdom,Second Dacian War,Dacia,-1,-1,-1,-1,False,0
https://en.wikipedia.org/wiki/Trajan%27s_Parthian_campaign,115 AD,117 AD,Roman Empire,Parthian Empire,Trajan's Parthian campaign,"Levant,Anatolia,Mesopotamia",-1,-1,-1,-1,False,0
https://en.wikipedia.org/wiki/Kitos_War,115 AD,117 AD,Roman Empire,"Cyprus,Cyrenaica,Aegyptus,Mesopotamia,Iudaea",Kitos War,"Eastern Mediterranean,Roman Empire",460000,200002,-1,-1,False,0
https://en.wikipedia.org/wiki/Civil_War_of_Wa,2nd century AD,180s AD,Himiko,,Civil War of Wa,,-1,-1,-1,-1,False,0
https://en.wikipedia.org/wiki/Bar_Kokhba_revolt,132 AD,136 AD,Roman Empire,"Iudaea,Simon Bar Kokhba",Bar Kokhba revolt,Judea Province,3,200000,220111,612000,False,0
https://en.wikipedia.org/wiki/Roman%E2%80%93Parthian_War_of_161%E2%80%93166,161 AD,166 AD,,,Roman–Parthian War of 161–166,"Armenia,Mesopotamia,Media",-1,-1,-1,-1,False,0
https://en.wikipedia.org/wiki/Marcomannic_Wars,166 AD,180 AD,Roman Empire,"Marcomanni,Quadi,Iazyges",Marcomannic Wars,Danube,unknown,unknown,73,977000,False,0
https://en.wikipedia.org/wiki/Yellow_Turban_Rebellion,184 AD,205 AD,Han Dynasty,,Yellow Turban Rebellion,China,13,13,350000,2360002,False,0
https://en.wikipedia.org/wiki/Campaign_against_Dong_Zhuo,190 AD,191 AD,,,Campaign against Dong Zhuo,"Henan,China",-1,-1,100001,2,False,0
https://en.wikipedia.org/wiki/Year_of_the_Five_Emperors,193 AD,193 AD,Severan dynasty,,Year of the Five Emperors,,-1,-1,-1,-1,False,0
https://en.wikipedia.org/wiki/Sun_Ce%27s_conquests_in_Jiangdong,194 AD,199 AD,Sun Ce,Shanyue,Sun Ce's conquests in Jiangdong,"Jiangnan,China",-1,-1,-1,-1,False,0
https://en.wikipedia.org/wiki/Clodius_Albinus#Albinus_declares_himself_emperor,196 AD,197 AD,Roman Empire,Clodius Albinus,Clodius Albinus,,-1,-1,-1,-1,False,0
https://en.wikipedia.org/wiki/Garama,202 AD,203 AD,Roman Empire,Garamantes,Garama,,-1,-1,-1,-1,False,0
https://en.wikipedia.org/wiki/Roman_invasion_of_Caledonia_208%E2%80%93210,208 AD,211 AD,Roman Empire,Caledonians,Roman invasion of Caledonia 208–210,Caledonia,50000,unknown,-1,-1,False,0
https://en.wikipedia.org/wiki/Parthian_war_of_Caracalla,216 AD,216 AD,,,Parthian war of Caracalla,Western Asia,unknown,unknown,-1,-1,False,0
https://en.wikipedia.org/wiki/Zhuge_Liang%27s_Southern_Campaign,225 AD,225 AD,Shu Han,"Shu,Nanman",Zhuge Liang's Southern Campaign,"Nanzhong,Yunnan,Guizhou,Sichuan,China",-1,-1,-1,-1,False,0
https://en.wikipedia.org/wiki/Zhuge_Liang%27s_Northern_Expeditions,228 AD,234 AD,,,Zhuge Liang's Northern Expeditions,"Gansu,Shaanxi,China",-1,-1,-1,-1,False,0
https://en.wikipedia.org/wiki/Crisis_of_the_Third_Century,232 AD,c. 268 AD,Illyriciani,"Barracks emperors,Usurpers,Sassanid Empire",Crisis of the Third Century,,-1,-1,-1,-1,False,0
https://en.wikipedia.org/wiki/Goguryeo-Wei_War,244 AD,245 AD,Cao Wei,"Goguryeo,Okjeo,Ye",Goguryeo-Wei War,"Manchuria,Korean peninsula",6000,26000,10003,20003,False,0
https://en.wikipedia.org/wiki/Jiang_Wei%27s_Northern_Expeditions,247 AD,262 AD,,,Jiang Wei's Northern Expeditions,"Gansu,Shaanxi",-1,-1,-1,-1,False,0
https://en.wikipedia.org/wiki/Gothic_Wars#Gothic_War_(249%E2%80%93253),249 AD,253 AD,,,Gothic Wars,,-1,-1,-1,-1,False,0
https://en.wikipedia.org/wiki/Juthungi,259 AD,260 AD,Roman Empire,Juthungi,Juthungi,,-1,-1,-1,-1,False,0
https://en.wikipedia.org/wiki/Conquest_of_Shu_by_Wei,263 AD,263 AD,Cao Wei,Shu Han,Conquest of Shu by Wei,"Sichuan,Gansu,Shaanxi,China",-1,-1,340000,192000,False,0
https://en.wikipedia.org/wiki/Battle_of_Naissus,268 or 269 AD,268 or 269 AD,Roman Empire,Goths,Battle of Naissus,"Niš,Serbia",unknown,unknown,unknown,unknown,False,0
https://en.wikipedia.org/wiki/Palmyrene_Empire#Establishment,270 AD,271 AD,Palmyrene Empire,"Roman Empire,Tanukhids",Palmyrene Empire,,-1,-1,-1,-1,False,0
https://en.wikipedia.org/wiki/Aurelian,270 AD,274 AD,Roman Empire,"Vandals,Juthungi,Sarmatians,Alamanni,Goths,Palmyrene Empire,Firmus,Province of Egypt,Sassanid Empire,Gallic Empire",Aurelian,,-1,-1,-1,-1,False,0
https://en.wikipedia.org/wiki/Aurelian#Reunification_of_the_empire,270 AD,271 AD,Roman Empire,"Vandals,Juthungi,Sarmatians,Alamanni,Goths",Aurelian,,-1,-1,-1,-1,False,0
https://en.wikipedia.org/wiki/Felicissimus,271 AD,271 AD,Roman Empire,,Felicissimus,,-1,-1,-1,-1,False,0
https://en.wikipedia.org/wiki/Aurelian#Conquest_of_the_Palmyrene_Empire,272 AD,273 AD,Roman Empire,"Palmyrene Empire,Firmus,Province of Egypt,Sassanid Empire",Aurelian,,-1,-1,-1,-1,False,0
https://en.wikipedia.org/wiki/Aurelian#Conquest_of_the_Gallic_Empire,274 AD,274 AD,Roman Empire,Gallic Empire,Aurelian,,-1,-1,-1,-1,False,0
https://en.wikipedia.org/wiki/Conquest_of_Wu_by_Jin,279 AD,280 AD,Jin Dynasty,Eastern Wu,Conquest of Wu by Jin,China,15000,15000,200000,230000,False,0
https://en.wikipedia.org/wiki/Carausian_Revolt,286 AD,296 AD,Roman Empire,Carausius,Carausian Revolt,,-1,-1,-1,-1,False,0
https://en.wikipedia.org/wiki/War_of_the_Eight_Princes,291 AD,306 AD,,,War of the Eight Princes,,-1,-1,-1,-1,False,0
https://en.wikipedia.org/wiki/Civil_wars_of_the_Tetrarchy,306 AD,324 AD,Constantine I,,Civil wars of the Tetrarchy,,-1,-1,-1,-1,False,0
https://en.wikipedia.org/wiki/Civil_wars_of_the_Tetrarchy#War_of_Constantine_and_Maxentius,306 AD,312 AD,Constantine I,Maxentius,Civil wars of the Tetrarchy,,-1,-1,-1,-1,False,0
https://en.wikipedia.org/wiki/Civil_wars_of_the_Tetrarchy#War_of_Licinius_and_Maximinus_Daia,313 AD,313 AD,Licinius,Maximinus Daia,Civil wars of the Tetrarchy,,-1,-1,-1,-1,False,0
https://en.wikipedia.org/wiki/Civil_wars_of_the_Tetrarchy#Wars_of_Constantine_and_Licinius,314 or 316 AD,324 AD,Constantine I,"Licinius,Martinianus",Civil wars of the Tetrarchy,,-1,-1,-1,-1,False,0
https://en.wikipedia.org/wiki/Jewish_revolt_against_Constantius_Gallus,351 AD,352 AD,Eastern Roman Empire,Jewish,Jewish revolt against Constantius Gallus,Syria Palaestina,unknown,unknown,-1,-1,False,0
https://en.wikipedia.org/wiki/Great_Conspiracy,367 AD,367 AD,Roman Empire,"Picts,Scotti,Attacotti,Saxons,Franks",Great Conspiracy,Roman Britain,-1,-1,-1,-1,False,0
https://en.wikipedia.org/wiki/Gothic_War_(376%E2%80%93382),376 AD,382 AD,Eastern Roman Empire,"Ostrogoths,Franks",Gothic War (376–382),Balkans,-1,-1,-1,-1,False,0
https://en.wikipedia.org/wiki/Mavia_(queen)#Details_of_the_revolt,378 AD,378 AD,Tanukhids,Eastern Roman Empire,Mavia (queen),,-1,-1,-1,-1,False,0
https://en.wikipedia.org/wiki/Siyaj_K%27ak%27,378 AD,379 AD,Teotihuacan,"Tikal,Uaxactun,Bejucal,El Zotz",Siyaj K'ak',,-1,-1,-1,-1,False,0
https://en.wikipedia.org/wiki/Battle_of_Fei_River,383 AD,383 AD,Eastern Jin dynasty,Former Qin,Battle of Fei River,,700000,unknown,870000,80000,False,0
https://en.wikipedia.org/wiki/Alaric_I,395 AD,410 AD,,,Alaric I,,-1,-1,-1,-1,False,0
https://en.wikipedia.org/wiki/Alarich_I#In_Greece,395 AD,397 AD,,,Alarich I,,-1,-1,-1,-1,False,0
https://en.wikipedia.org/wiki/Stilicho%27s_Pictish_War,c. 398 AD,c. 398 AD,Western Roman Empire,"Picts,Saxons,Scots",Stilicho's Pictish War,,-1,-1,-1,-1,False,0
https://en.wikipedia.org/wiki/Gildonic_revolt,398 AD,398 AD,Western Roman Empire,Gildo,Gildonic revolt,Roman province of Africa,unknown,unknown,5000,70000,False,0
https://en.wikipedia.org/wiki/Alarich_I#First_invasion_of_Italy,c. 401 AD,c. 403 AD,Western Roman Empire,Visigoths,Alarich I,,-1,-1,-1,-1,False,0
https://en.wikipedia.org/wiki/Alarich_I#Second_invasion_of_Italy,408 AD,410 AD,Visigoths,Western Roman Empire,Alarich I,,-1,-1,-1,-1,False,0
https://en.wikipedia.org/wiki/Sack_of_Rome_(410),410 AD,410 AD,Visigoths,Western Roman Empire,Sack of Rome (410),Rome,unknown,unknown,unknown,40001,False,0
https://en.wikipedia.org/wiki/Roman%E2%80%93Sasanian_War_(421%E2%80%93422),421 AD,422 AD,,,Roman–Sasanian War (421–422),"Persarmenia,Mesopotamia",-1,-1,-1,-1,False,0
https://en.wikipedia.org/wiki/Teotihuacan#Year_426:_.22Conquest.22_of_Cop.C3.A1n_and_Quirigu.C3.A1,426 AD,426 AD,Teotihuacan,"Copán,Quiriguá",Teotihuacan,,-1,-1,-1,-1,False,0
https://en.wikipedia.org/wiki/Battle_of_Ravenna_(432),432 AD,432 AD,Bonifacius,Flavius Aetius,Battle of Ravenna (432),"Rimini,Italy",unknown,unknown,7000,7000,False,0
https://en.wikipedia.org/wiki/Huns#History,434 AD,453 AD,Hunnic Empire,"Eastern Roman Empire,Western Roman Empire,Franks,Goths,Burgundians,Saxons,Alans",Huns,,-1,-1,-1,-1,False,0
https://en.wikipedia.org/wiki/Battle_of_Avarayr,451 AD,451 AD,Sassanid Empire,,Battle of Avarayr,"Avarayr Plain,Artaz,Vaspurakan,Greater Armenia,Chors,Chaypareh County,West Azarbaijan Province",4,4,560017,66007,False,0
https://en.wikipedia.org/wiki/Battle_of_Nedao,before 453 AD,454 AD,"Gepids,Ostrogoths,Heruli,Rugii,Scirii,Suebi","Huns,Alans",Battle of Nedao,Pannonia,unknown,unknown,unknown,unknown,False,0
https://en.wikipedia.org/wiki/Sack_of_Rome_(455),455 AD,455 AD,Vandals,Western Roman Empire,Sack of Rome (455),Rome,-1,-1,-1,-1,False,0
https://en.wikipedia.org/wiki/Battle_of_Cap_Bon_(468),468 AD,468 AD,Vandals,"Western Roman Empire,Eastern Roman Empire",Battle of Cap Bon (468),"Vandalia,Cape Bon,Tunisia",unknown,10101,unknown,151113,False,0
https://en.wikipedia.org/wiki/Prince_Hoshikawa_Rebellion,479 AD,479 AD,,,Prince Hoshikawa Rebellion,,-1,-1,-1,-1,False,0
https://en.wikipedia.org/wiki/Ovida#History,480 AD,480 AD,Kingdom of Italy,Roman Dalmatia,Ovida,,-1,-1,-1,-1,False,0
https://en.wikipedia.org/wiki/Battle_of_Herat_(484),484 AD,484 AD,Hephthalite Empire,Sassanid Empire,Battle of Herat (484),Balkh,unknown,1,unknown,unknown,False,0
https://en.wikipedia.org/wiki/Sukhra%27s_Hephthalite_campaign,484 AD,484 AD,Sassanid Empire,Hephthalite Empire,Sukhra's Hephthalite campaign,Gorgan,-1,-1,-1,-1,False,0
https://en.wikipedia.org/wiki/Battle_of_Soissons_(486),486 AD,486 AD,"Salian Franks,Tournai,Cambrai",Kingdom of Soissons,Battle of Soissons (486),"Soissons,Aisne",unknown,unknown,6000,6001,False,0
https://en.wikipedia.org/wiki/Theoderic_the_Great,488 AD,493 AD,"Ostrogoths,Rugians","Kingdom of Italy,Scirii,Heruli",Theoderic the Great,,-1,-1,-1,-1,False,0
https://en.wikipedia.org/wiki/Franco-Visigothic_Wars,492 AD,508 AD,Franks,Visigoths,Franco-Visigothic Wars,"Aquitaine,Provence,Burgundy",-1,-1,-1,-1,False,0
https://en.wikipedia.org/wiki/Basus_War,494 AD,534 AD,Taghlib,Banu Bakr,Basus War,,-1,-1,-1,-1,False,0
https://en.wikipedia.org/wiki/Anastasian_War,502 AD,506 AD,,,Anastasian War,"Osroene,Upper Mesopotamia,Armenia,Southeastern Anatolia",-1,-1,-1,-1,False,0
https://en.wikipedia.org/wiki/Revolt_of_Vitalian,511 AD,515 AD,Byzantine Empire,"Vitalian,Chalcedonian Christian",Revolt of Vitalian,,-1,-1,-1,-1,False,0
https://en.wikipedia.org/wiki/Iberian_War,526 AD,532 AD,,,Iberian War,"Iberia,Transcaucasus,Upper Mesopotamia",-1,-1,-1,-1,False,0
https://en.wikipedia.org/wiki/Iwai_Rebellion,527 AD,527 AD,,,Iwai Rebellion,,-1,-1,-1,-1,False,0
https://en.wikipedia.org/wiki/Unstrut#History,c. 531 AD,c. 531 AD,Franks,Kingdom of Thuringia,Unstrut,,-1,-1,-1,-1,False,0
https://en.wikipedia.org/wiki/Vandalic_War,533 AD,534 AD,Byzantine Empire,Vandalic Kingdom,Vandalic War,"Libya,Tunisia,Algeria,Sardinia",-1,-1,22000,115000,False,0
https://en.wikipedia.org/wiki/Praetorian_prefecture_of_Africa#The_Moorish_Wars,534 AD,537 AD,,,Praetorian prefecture of Africa,,-1,-1,-1,-1,False,0
https://en.wikipedia.org/wiki/Gothic_War_(535%E2%80%93554),535 AD,554 AD,Byzantine Empire,"Ostrogothic Kingdom,Frankish Kingdom",Gothic War (535–554),,-1,-1,-1,-1,False,0
https://en.wikipedia.org/wiki/First_Tikal-Calakmul_War,537 AD,572 AD,Calakmul,Tikal,First Tikal-Calakmul War,,-1,-1,-1,-1,False,0
https://en.wikipedia.org/wiki/Lazic_War,541 AD,562 AD,,,Lazic War,"Colchis,Georgia",-1,-1,-1,-1,False,0
https://en.wikipedia.org/wiki/Bhavavarman_I,after 550 AD,before 590 AD,Chenla,Funan,Bhavavarman I,,-1,-1,-1,-1,False,0
https://en.wikipedia.org/wiki/Spania#Conquest_and_foundation,551 AD,555 AD,"Byzantine Empire,Visigoths,Athanagild",Visigothic Kingdom,Spania,,-1,-1,-1,-1,False,0
https://en.wikipedia.org/wiki/Spania#Decline_and_Visigothic_conquest,c. 555 AD,624 AD,Visigothic Kingdom,Byzantine Empire,Spania,,-1,-1,-1,-1,False,0
https://en.wikipedia.org/wiki/Caracol#Wars_with_Tikal,556 AD,556 AD,Tikal,Caracol,Caracol,,-1,-1,-1,-1,False,0
https://en.wikipedia.org/wiki/Battle_of_Bukhara,557 AD,557 AD,"Sassanid Empire,Western Turkic Khaganate",Hephthalite Empire,Battle of Bukhara,"Bukhara,Sogdia,Uzbekistan",-1,-1,-1,-1,False,0
https://en.wikipedia.org/wiki/Caracol#Wars_with_Tikal,562 AD,562 AD,"Caracol,Calakmul",Tikal,Caracol,,-1,-1,-1,-1,False,0
https://en.wikipedia.org/wiki/Lombard%E2%80%93Gepid_War_(567),567 AD,567 AD,"Lombards,Pannonian Avars","Gepids,Byzantine Empire",Lombard–Gepid War (567),Kingdom of the Gepids,unknown,unknown,-1,-1,False,0
https://en.wikipedia.org/wiki/Siege_of_Sana%27a_(570),570 AD,570 AD,Sassanid Empire,Kingdom of Aksum,Siege of Sana'a (570),"Sana'a,Yemen",unknown,unknown,700,unknown,False,0
https://en.wikipedia.org/wiki/Byzantine%E2%80%93Sasanian_War_of_572%E2%80%93591,572 AD,591 AD,"Byzantine Empire,Ghassanids,Armenians","Sassanid Persian Empire,Lakhmids,Armenians",Byzantine–Sasanian War of 572–591,"Mesopotamia,Caucasus,Syria",-1,-1,-1,-1,False,0
https://en.wikipedia.org/wiki/Sassanid_reconquest_of_Yemen,575 AD,575 AD,Sassanid Empire,Kingdom of Aksum,Sassanid reconquest of Yemen,Yemen,-1,-1,4000,unknown,False,0
https://en.wikipedia.org/wiki/Hermenegild,580 AD,584 AD,Visigothic Kingdom,"Hermenegild,Chalcedonian Christian",Hermenegild,,-1,-1,-1,-1,False,0
https://en.wikipedia.org/wiki/G%C3%B6kt%C3%BCrk_civil_war,581 AD,603 AD,,,Göktürk civil war,,-1,-1,-1,-1,False,0
https://en.wikipedia.org/wiki/Maurice%27s_Balkan_campaigns,582 AD,602 AD,Byzantine Empire,"Avar Khaganate,Antae",Maurice's Balkan campaigns,"Balkan peninsula,Pannonia,Wallachia",-1,-1,-1,-1,False,0
https://en.wikipedia.org/wiki/First_Perso-Turkic_War,588 AD,588 AD,Sassanid Persians,"Hephthalite,Western Turkic Khaganate",First Perso-Turkic War,"Greater Khorasan,Transoxiana",unknown,unknown,12000,700001,False,0
https://en.wikipedia.org/wiki/Goguryeo%E2%80%93Sui_Wars,598 AD,614 AD,Goguryeo,Sui Dynasty,Goguryeo–Sui Wars,"Manchuria,Korean Peninsula,Yellow Sea",unknown,302342,345000,3133826,False,0
https://en.wikipedia.org/wiki/Frisian%E2%80%93Frankish_wars,600 AD,793 AD,Frankish Empire,Frisian Kingdom,Frisian–Frankish wars,,-1,-1,-1,-1,False,0
https://en.wikipedia.org/wiki/Sui%E2%80%93Former_L%C3%BD_War,602 AD,602 AD,Sui Dynasty,Early Lý Dynasty,Sui–Former Lý War,,-1,-1,270000,unknown,False,0
https://en.wikipedia.org/wiki/Byzantine%E2%80%93Sasanian_War_of_602%E2%80%93628,602 AD,628 AD,"Byzantine Empire,Western Turkic Khaganate,Ghassanids","Sasanian Empire,Avars,Slavic allies,Sasanian Iberia,Jewish and Samaritan rebels,Lakhmids",Byzantine–Sasanian War of 602–628,"Caucasus,Anatolia,Egypt,Levant,Balkans,Aegean Sea,Mesopotamia",-1,-1,-1,-1,False,0
https://en.wikipedia.org/wiki/Sino%E2%80%93Cham_war,605 AD,605 AD,Sui Dynasty,Lâm Ấp,Sino–Cham war,Central Vietnam,unknown,unknown,unknown,27000,False,0
https://en.wikipedia.org/wiki/Transition_from_Sui_to_Tang,613 AD,628 AD,,,Transition from Sui to Tang,,-1,-1,-1,-1,False,0
https://en.wikipedia.org/wiki/Jewish_revolt_against_Heraclius,614 AD,628 AD,Byzantine Empire,"Sasanian Empire,Jewish",Jewish revolt against Heraclius,"Palaestina Prima,Diocese of the East,Byzantine Empire",unknown,unknown,unknown,46082,False,0
https://en.wikipedia.org/wiki/Second_Perso-Turkic_War,619 AD,619 AD,,,Second Perso-Turkic War,Central Asia,unknown,unknown,2300,300002,False,0
https://en.wikipedia.org/wiki/Muslim,622 AD,630 AD,Muslims,Quraysh tribe,Muslim,,-1,-1,-1,-1,False,0
https://en.wikipedia.org/wiki/Third_Perso-Turkic_War,627 AD,629 AD,,,Third Perso-Turkic War,Transcaucasia,-1,-1,-1,-1,False,0
https://en.wikipedia.org/wiki/Caracol#Wars_with_Tikal,627 AD,627 AD,Caracol,Naranjo,Caracol,,-1,-1,-1,-1,False,0
https://en.wikipedia.org/wiki/Caracol#Wars_with_Tikal,628 AD,628 AD,Caracol,Naranjo,Caracol,,-1,-1,-1,-1,False,0
https://en.wikipedia.org/wiki/Sasanian_civil_war_of_628%E2%80%93632,628 AD,632 AD,,,Sasanian civil war of 628–632,"Iran,Iraq,Transcaucasia,Greater Khorasan",-1,-1,-1,-1,False,0
https://en.wikipedia.org/wiki/Tang_campaign_against_the_Eastern_Turks,629 AD,630 AD,Tang Dynasty,Eastern Turkic Khaganate,Tang campaign against the Eastern Turks,"Dingxiang,Gobi Desert,Hetao Plain",-1,-1,-1,-1,False,0
https://en.wikipedia.org/wiki/Battle_of_Hunayn,630 AD,630 AD,"Muslims,Quraysh tribe","Hawazin,Thaqif",Battle of Hunayn,"Hunain,al-Ta'if,Arabia",4,30375,12000,20000,False,0
https://en.wikipedia.org/wiki/Battle_of_Wogastisburg,631 AD,631 AD,,Francia,Battle of Wogastisburg,,-1,-1,-1,-1,False,0
https://en.wikipedia.org/wiki/Caracol#Wars_with_Tikal,631 AD,631 AD,Caracol,Naranjo,Caracol,,-1,-1,-1,-1,False,0
https://en.wikipedia.org/wiki/Ridda_wars,632 AD,633 AD,,,Ridda wars,Arabian Peninsula,-1,-1,-1,-1,False,0
https://en.wikipedia.org/wiki/Muslim_conquest_of_Persia,633 AD,644 AD,Rashidun Caliphate,"Sassanid Empire,Arab Christians",Muslim conquest of Persia,"Mesopotamia,Caucasus,Persia,Greater Khorasan",-1,-1,-1,-1,False,0
https://en.wikipedia.org/wiki/Muslim_conquest_of_the_Levant,634 AD,638 AD,Rashidun Caliphate,"Byzantine Empire,Ghassanids",Muslim conquest of the Levant,"Levant,Palestine,Israel,Syria,Jordan,Lebanon,Anatolia",-1,-1,-1,-1,False,0
https://en.wikipedia.org/wiki/Caracol#Wars_with_Tikal,636 AD,636 AD,Caracol,Naranjo,Caracol,,-1,-1,-1,-1,False,0
https://en.wikipedia.org/wiki/Emperor_Taizong%27s_campaign_against_Tuyuhun,634 AD,635 AD,Tang Dynasty,Tuyuhun,Emperor Taizong's campaign against Tuyuhun,,-1,-1,-1,-1,False,0
https://en.wikipedia.org/wiki/Tibetan_attack_on_Songzhou,638 AD,638 AD,Tang Dynasty,Tibetan Empire,Tibetan attack on Songzhou,"Sichuan,China",-1,-1,unknown,300003,False,0
https://en.wikipedia.org/wiki/Muslim_conquest_of_Egypt,639 AD,642 AD,Rashidun Caliphate,Byzantine Empire,Muslim conquest of Egypt,"Egypt,Libya",-1,-1,-1,-1,False,0
https://en.wikipedia.org/wiki/Tang_campaigns_against_the_Western_Turks,640 AD,657 AD,Tang Dynasty,Western Turkic Khaganate,Tang campaigns against the Western Turks,,-1,-1,-1,-1,False,0
https://en.wikipedia.org/wiki/Tang_campaign_against_the_oasis_states,640 AD,648 AD,Tang Dynasty,Tarim Basin,Tang campaign against the oasis states,Tarim Basin,-1,-1,-1,-1,False,0
https://en.wikipedia.org/wiki/Tang_campaign_against_Karakhoja,640 AD,640 AD,Tang Dynasty,Gaochang,Tang campaign against Karakhoja,Tarim Basin,-1,-1,-1,-1,False,0
https://en.wikipedia.org/wiki/Star_war#Recorded_star_wars,644 AD,644 AD,Tortuguero,,Star war,,-1,-1,-1,-1,False,0
https://en.wikipedia.org/wiki/Battle_of_Rasil,644 AD,644 AD,Rashidun Caliphate,Rai dynasty,Battle of Rasil,"Indus river,Sindh,Pakistan",unknown,unknown,unknown,unknown,False,0
https://en.wikipedia.org/wiki/Tang_campaigns_against_Karasahr,644 AD,648 AD,Tang Dynasty,Karasahr,Tang campaigns against Karasahr,Tarim Basin,-1,-1,3000,5000,False,0
https://en.wikipedia.org/wiki/Goguryeo%E2%80%93Tang_War,644 AD,668 AD,"Tang Dynasty,Silla","Goguryeo,Baekje,Mohe",Goguryeo–Tang War,"Liaodong Peninsula,Korean Peninsula,Bohai Sea,Yellow Sea",-1,-1,-1,-1,False,0
https://en.wikipedia.org/wiki/Muslim_conquest_of_the_Maghreb,647 AD,709 AD,"Rashidun Caliphate,Umayyad Caliphate","Byzantine Empire,Berbers",Muslim conquest of the Maghreb,,-1,-1,-1,-1,False,0
https://en.wikipedia.org/wiki/Tang_campaign_against_Kucha,648 AD,648 AD,Tang Dynasty,Kucha,Tang campaign against Kucha,Tarim Basin,-1,-1,100000,60000,False,0
https://en.wikipedia.org/wiki/Emperor_Taizong%27s_campaign_against_Xueyantuo,645 AD,646 AD,Tang Dynasty,Xueyantuo,Emperor Taizong's campaign against Xueyantuo,,-1,-1,-1,-1,False,0
https://en.wikipedia.org/wiki/Second_Tikal-Calakmul_War,650 AD,695 AD,Tikal,Calakmul,Second Tikal-Calakmul War,,-1,-1,-1,-1,False,0
https://en.wikipedia.org/wiki/First_Fitna,656 AD,661 AD,"Aisha,Muawiya,Kharijites",Rashidun Caliphate,First Fitna,Arabian Peninsula,-1,-1,-1,-1,False,0
https://en.wikipedia.org/wiki/Conquest_of_the_Western_Turks,657 AD,657 AD,Tang Dynasty,Western Turkic Khaganate,Conquest of the Western Turks,,-1,-1,10000,100000,False,0
https://en.wikipedia.org/wiki/Tikal#Tikal_and_Dos_Pilas,657 AD,672 AD,Tikal,Dos Pilas,Tikal,,-1,-1,-1,-1,False,0
https://en.wikipedia.org/wiki/Baekje%E2%80%93Tang_War,660 AD,663 AD,"Tang,Silla","Baekje,Yamato,Goguryeo",Baekje–Tang War,"Korean Peninsula,Yellow Sea",-1,-1,-1,-1,False,0
https://en.wikipedia.org/wiki/Silla%E2%80%93Tang_Wars,670 AD,676 AD,"Silla,Goguryeo,Baekje",Tang,Silla–Tang Wars,"Korean Peninsula,Yellow Sea",-1,-1,-1,-1,False,0
https://en.wikipedia.org/wiki/Jinshin_War,672 AD,672 AD,,,Jinshin War,,-1,-1,-1,-1,False,0
https://en.wikipedia.org/wiki/Star_war#Recorded_star_wars,672 AD,672 AD,Palenque,,Star war,,-1,-1,-1,-1,False,0
https://en.wikipedia.org/wiki/Dos_Pilas#Founding_and_consolidation,672 AD,672 AD,Tikal,Dos Pilas,Dos Pilas,,-1,-1,-1,-1,False,0
https://en.wikipedia.org/wiki/Muslim_conquest_of_Transoxiana,673 AD,751 AD,"Umayyad Caliphate,Abbasid Caliphate","Tokharistan,Sogdian,Khwarazm,Fergana,Türgesh Kaghanate,Tang Dynasty",Muslim conquest of Transoxiana,"Transoxiana,Central Asia",-1,-1,-1,-1,False,0
https://en.wikipedia.org/wiki/Star_war#Recorded_star_wars,677 AD,677 AD,La Corona,Tikal,Star war,,-1,-1,-1,-1,False,0
https://en.wikipedia.org/wiki/Yuknoom_Ch%27een_II#Reign,677 AD,679 AD,"Calakmul,Dos Pilas",Tikal,Yuknoom Ch'een II,,-1,-1,-1,-1,False,0
https://en.wikipedia.org/wiki/Star_war#Recorded_star_wars,680 AD,680 AD,Naranjo,Caracol,Star war,,-1,-1,-1,-1,False,0
https://en.wikipedia.org/wiki/Byzantine%E2%80%93Bulgarian_Wars,680 AD,1355 AD,,,Byzantine–Bulgarian Wars,Balkan peninsula,-1,-1,-1,-1,False,0
https://en.wikipedia.org/wiki/Second_Fitna,680 AD,692 AD,Umayyad Caliphate,"Zubayrids,Alids",Second Fitna,"Arabian Peninsula,Syria,Iraq",-1,-1,-1,-1,False,0
https://en.wikipedia.org/wiki/Tonin%C3%A1#History,687 AD,711 AD,Toniná,Palenque,Toniná,,-1,-1,-1,-1,False,0
https://en.wikipedia.org/wiki/Jasaw_Chan_K%27awiil_I,695 AD,695 AD,Tikal,Calakmul,Jasaw Chan K'awiil I,,-1,-1,-1,-1,False,0
https://en.wikipedia.org/wiki/Battle_of_Varnakert,702 AD,702 AD,Kingdom of Armenia,Umayyad Caliphate,Battle of Varnakert,"Ararat,Araxes,Armenia",200,8000,4000,8000,False,0
https://en.wikipedia.org/wiki/Star_war#Recorded_star_wars,705 AD,705 AD,Dos Pilas,Caracol,Star war,,-1,-1,-1,-1,False,0
https://en.wikipedia.org/wiki/Star_war#Recorded_star_wars,711 AD,711 AD,Tonina,Palenque,Star war,,-1,-1,-1,-1,False,0
https://en.wikipedia.org/wiki/Umayyad_conquest_of_Hispania,711 AD,718 AD,Umayyad Caliphate,Visigothic Kingdom,Umayyad conquest of Hispania,Iberian Peninsula,-1,-1,-1,-1,False,0
https://en.wikipedia.org/wiki/Charles_Martel#Civil_war_of_715%E2%80%93718,715 AD,718 AD,Charles Martel,,Charles Martel,,-1,-1,-1,-1,False,0
https://en.wikipedia.org/wiki/Siege_of_Constantinople_(717%E2%80%9318),717 AD,718 AD,"Byzantine Empire,Bulgar Khanate",Umayyad Caliphate,Siege of Constantinople (717–18),"Thrace,Bithynia,Sea of Marmara",unknown,unknown,-1,-1,False,0
https://en.wikipedia.org/wiki/Islamic_invasion_of_Gaul,719 AD,759 AD,"Merovingian,Franks",Umayyad Caliphate,Islamic invasion of Gaul,"Gaul,France",-1,-1,-1,-1,False,0
https://en.wikipedia.org/wiki/Hayato_Rebellion,720 AD,721 AD,,Hayato,Hayato Rebellion,"Ōsumi Province,Japan",unknown,1400,10000,unknown,False,0
https://en.wikipedia.org/wiki/Third_Tikal-Calakmul_War,720 AD,744 AD,Tikal,Calakmul,Third Tikal-Calakmul War,,-1,-1,-1,-1,False,0
https://en.wikipedia.org/wiki/Bashmurian_revolts,720 AD,832 AD,"Umayyad Caliphate,Abbasid Caliphate",Coptic,Bashmurian revolts,"Bashmur,Egypt",-1,-1,-1,-1,False,0
https://en.wikipedia.org/wiki/Star_war#Recorded_star_wars,735 AD,735 AD,Dos Pilas,Seibal,Star war,,-1,-1,-1,-1,False,0
https://en.wikipedia.org/wiki/Marwan_ibn_Muhammad%27s_invasion_of_Georgia,735 AD,737 AD,"Byzantine Empire,Bulgar Khanate",Umayyad Caliphate,Marwan ibn Muhammad's invasion of Georgia,Caucasus,-1,-1,-1,-1,False,0
https://en.wikipedia.org/wiki/Yik%27in_Chan_K%27awiil,736 AD,736 AD,Tikal,Calakmul,Yik'in Chan K'awiil,,-1,-1,-1,-1,False,0
https://en.wikipedia.org/wiki/K%27ak%27_Tiliw_Chan_Yopaat,738 AD,738 AD,Quiriguá,Copán,K'ak' Tiliw Chan Yopaat,,-1,-1,-1,-1,False,0
https://en.wikipedia.org/wiki/Berber_Revolt,739 AD,743 AD,,Umayyad Caliphate,Berber Revolt,"Maghreb,Al-Andalus",-1,-1,-1,-1,False,0
https://en.wikipedia.org/wiki/Zaydi_Revolt,740 AD,740 AD,Umayyad Caliphate,Zayd ibn Ali,Zaydi Revolt,,-1,-1,-1,-1,False,0
https://en.wikipedia.org/wiki/Fujiwara_no_Hirotsugu_Rebellion,740 AD,740 AD,,Fujiwara no Hirotsugu,Fujiwara no Hirotsugu Rebellion,,-1,-1,-1,-1,False,0
https://en.wikipedia.org/wiki/Yik%27in_Chan_K%27awiil,743 AD,743 AD,Tikal,,Yik'in Chan K'awiil,,-1,-1,-1,-1,False,0
https://en.wikipedia.org/wiki/Yik%27in_Chan_K%27awiil,744 AD,744 AD,Tikal,Naranjo,Yik'in Chan K'awiil,,-1,-1,-1,-1,False,0
https://en.wikipedia.org/wiki/Abbasid_Revolution,746 AD,750 AD,Abbasid Caliphate,Umayyad Caliphate,Abbasid Revolution,"Greater Khorasan,Iran,Iraq",-1,-1,-1,-1,False,0
https://en.wikipedia.org/wiki/Battle_of_Talas,751 AD,751 AD,Abbasid Caliphate,"Tang Dynasty,Karluk",Battle of Talas,"Talas,Kyrgyzstan",unknown,70000,unknown,80002,False,0
https://en.wikipedia.org/wiki/An_Lushan_Rebellion,755 AD,763 AD,Tang Empire,Yan,An Lushan Rebellion,,unknown,unknown,1300000,500000,False,0
https://en.wikipedia.org/wiki/Jinshin_War,762 AD,763 AD,,,Jinshin War,,-1,-1,-1,-1,False,0
https://en.wikipedia.org/wiki/Alid_Revolt_(762%E2%80%9363),762 AD,763 AD,Abbasid Caliphate,Alids,Alid Revolt (762–63),"Hejaz,Iraq",-1,-1,-1,-1,False,0
https://en.wikipedia.org/wiki/Fujiwara_no_Nakamaro_Rebellion,764 AD,764 AD,Empress Kōken,Fujiwara no Nakamaro,Fujiwara no Nakamaro Rebellion,Ōmi Province,unknown,unknown,-1,-1,False,0
https://en.wikipedia.org/wiki/Saxon_Wars,772 AD,804 AD,Frankish Empire,Saxons,Saxon Wars,"Saxony,Polabian Slav territories,Frisia,Austrasia",unknown,29970,-1,-1,False,0
https://en.wikipedia.org/wiki/Battle_of_Bagrevand,775 AD,775 AD,Abbasid Caliphate,,Battle of Bagrevand,Bagrevand,-1,-1,-1,-1,False,0
https://en.wikipedia.org/wiki/Tan_Te%27_K%27inich,778 AD,778 AD,Aguateca,,Tan Te' K'inich,,-1,-1,-1,-1,False,0
https://en.wikipedia.org/wiki/Star_war#Recorded_star_wars,781 AD,781 AD,Piedras Negras,,Star war,,-1,-1,-1,-1,False,0
https://en.wikipedia.org/wiki/Elpidius_(rebel),781 or 782 AD,781 or 782 AD,Byzantine Empire,"Elpidius,Sicily",Elpidius (rebel),,-1,-1,-1,-1,False,0
https://en.wikipedia.org/wiki/Battle_of_Fakhkh,786 AD,786 AD,Abbasid Caliphate,Alids,Battle of Fakhkh,Mecca,unknown,100,330,300,False,0
https://en.wikipedia.org/wiki/Qaysi%E2%80%93Yamani_war_(793%E2%80%9396),793 AD,796 AD,Abbasid Caliphate,Qaysi,Qaysi–Yamani war (793–96),"Jund Filastin,Jund al-Urdunn,Bilad al-Sham,Abbasid Caliphate",600,800,-1,-1,False,0
https://en.wikipedia.org/wiki/Norse_activity_in_the_British_Isles#Viking_raids:_793.E2.80.93850,793 AD,850 AD,Vikings,,Norse activity in the British Isles,,-1,-1,-1,-1,False,0
https://en.wikipedia.org/wiki/History_of_Ireland_(800%E2%80%931169)#First_Viking_age_.28795.E2.80.93902.29,795 AD,902 AD,Vikings,Irish Kingdoms,History of Ireland (800–1169),,-1,-1,-1,-1,False,0
https://en.wikipedia.org/wiki/Viking_Age#France,c. 795 AD,940 AD,Vikings,Frankish Kingdom,Viking Age,,-1,-1,-1,-1,False,0
https://en.wikipedia.org/wiki/Byzantine%E2%80%93Bulgarian_wars#Khan_Krum's_wars,807 AD,814 AD,Bulgarian Empire,Byzantine Empire,Byzantine–Bulgarian wars,Balkan peninsula,-1,-1,-1,-1,False,0
https://en.wikipedia.org/wiki/Paphlagonian_expedition_of_the_Rus%27,c. 830 AD,c. 830 AD,,Paphlagonia,Paphlagonian expedition of the Rus',,-1,-1,-1,-1,False,0
https://en.wikipedia.org/wiki/Sweet_Dew_Incident,835 AD,835 AD,,Emperor Wenzong of Tang,Sweet Dew Incident,,-1,-1,-1,-1,False,0
https://en.wikipedia.org/wiki/Viking_Age#Spain,839 AD,after 844 AD,"Kingdom of Asturias,Emirate of Córdoba",Vikings,Viking Age,,-1,-1,-1,-1,False,0
https://en.wikipedia.org/wiki/Era_of_Fragmentation,842 AD,1247 AD,Yumtän,Ösung,Era of Fragmentation,,-1,-1,-1,-1,False,0
https://en.wikipedia.org/wiki/Viking_Age#Portugal,844 AD,844 AD,Vikings,Emirate of Córdoba,Viking Age,,-1,-1,-1,-1,False,0
https://en.wikipedia.org/wiki/Tang-Nanzhao_conflicts_in_Annan,854 AD,866 AD,Tang Empire,Nanzhao,Tang-Nanzhao conflicts in Annan,,-1,-1,-1,-1,False,0
https://en.wikipedia.org/wiki/Rus%27%E2%80%93Byzantine_War_(860),860 AD,860 AD,,Byzantine Empire,Rus'–Byzantine War (860),"Constantinople,Old East Slavic,Tsargrad,Old Norse",-1,-1,60000,5200,False,0
https://en.wikipedia.org/wiki/Hungarian_invasions_of_Europe,862 AD,973 AD,Magyar tribes,"Kingdom of Italy,East Francia,Middle Francia,Great Moravia,Byzantine Empire,Catalan Counties,First Bulgarian Empire,Khazaria,West Francia,Principality of Lower Pannonia,Principality of Littoral Croatia,Kingdom of Croatia,Principality of Serbia",Hungarian invasions of Europe,"Western Europe,Eastern Europe,Balkans,Iberian Peninsula",unknown,unknown,25000,40000,False,0
https://en.wikipedia.org/wiki/Norse_activity_in_the_British_Isles#Invasion_and_Danelaw:_865.E2.80.93896,865 AD,954 AD,Vikings,,Norse activity in the British Isles,,-1,-1,-1,-1,False,0
https://en.wikipedia.org/wiki/Kharijite_Rebellion_(866%E2%80%93896),866 AD,896 AD,Abbasid Caliphate,Kharijite,Kharijite Rebellion (866–896),"Al-Jazira,Iraq",-1,-1,-1,-1,False,0
https://en.wikipedia.org/wiki/Zanj_Rebellion,869 AD,883 AD,Abbasid Caliphate,Zanj,Zanj Rebellion,"Lower Mesopotamia,Khuzestan Province",-1,-1,-1,-1,False,0
https://en.wikipedia.org/wiki/Battle_of_Bathys_Ryax,872 or 878 AD,872 or 878 AD,Byzantine Empire,Paulicians,Battle of Bathys Ryax,"Bathys Ryax,Sivas,[2]",unknown,unknown,-1,-1,False,0
https://en.wikipedia.org/wiki/Frankish-Moravian_War,882 AD,884 AD,Great Moravia,East Francia,Frankish-Moravian War,Pannonia,-1,-1,-1,-1,False,0
https://en.wikipedia.org/wiki/Byzantine%E2%80%93Bulgarian_war_of_894%E2%80%93896,894 AD,896 AD,"Bulgarian Empire,Pechenegs","Byzantine Empire,Magyars",Byzantine–Bulgarian war of 894–896,"Balkans,Thrace,Dobrudzha",unknown,unknown,unknown,unknown,False,0
https://en.wikipedia.org/wiki/Rus%27%E2%80%93Byzantine_War_(907),907 AD,907 AD,,Byzantine Empire,Rus'–Byzantine War (907),Constantinople,-1,-1,unknown,2000,False,0
https://en.wikipedia.org/wiki/Byzantine%E2%80%93Bulgarian_war_of_913%E2%80%93927,913 AD,927 AD,Bulgarian Empire,"Byzantine Empire,Principality of Serbia",Byzantine–Bulgarian war of 913–927,Balkan Peninsula,unknown,unknown,unknown,unknown,False,0
https://en.wikipedia.org/wiki/Caspian_expeditions_of_the_Rus%27#Raid_of_913,913 AD,913 AD,"Tabaristan,Khazars,Caucasian Albania,Shirvan,Volga Bulgaria,Burtas",,Caspian expeditions of the Rus',,-1,-1,-1,-1,False,0
https://en.wikipedia.org/wiki/Fatimid_invasion_of_Egypt_(914%E2%80%93915),914 AD,915 AD,Abbasid Caliphate,Fatimid Caliphate,Fatimid invasion of Egypt (914–915),"Libya,Egypt",24000,50000,-1,-1,False,0
https://en.wikipedia.org/wiki/History_of_Ireland_(800%E2%80%931169)#First_Viking_age_.28795.E2.80.93902.29,914 AD,980 AD,Irish Kingdoms,"Vikings,Kingdom of Dublin",History of Ireland (800–1169),,-1,-1,-1,-1,False,0
https://en.wikipedia.org/wiki/Battle_of_Sevan,924 AD,924 AD,Kingdom of Armenia,Sajids,Battle of Sevan,"Lake Sevan,Armenia",-1,-1,-1,-1,False,0
https://en.wikipedia.org/wiki/Croatian-Bulgarian_battle_of_926,926 AD,926 AD,Kingdom of Croatia,Bulgarian Empire,Croatian-Bulgarian battle of 926,Bosnia and Herzegovina,unknown,unknown,-1,-1,False,0
https://en.wikipedia.org/wiki/Battle_of_Lenzen,929 AD,929 AD,East Francia,Veleti,Battle of Lenzen,"Lenzen,Brandenburg",unknown,unknown,unknown,unknown,False,0
https://en.wikipedia.org/wiki/Battle_of_B%E1%BA%A1ch_%C4%90%E1%BA%B1ng_(938),938 AD,938 AD,Tĩnh Hải quân,Southern Han,Battle of Bạch Đằng (938),"Vietnam,Coordinates,20.8442°N 106.6317°E",unknown,10002,unknown,20001,False,0
https://en.wikipedia.org/wiki/Tengy%C5%8D_no_Ran,940 AD,940 AD,,Taira no Masakado,Tengyō no Ran,,-1,-1,-1,-1,False,0
https://en.wikipedia.org/wiki/Rus%27%E2%80%93Byzantine_War_(941),941 AD,941 AD,Byzantine Empire,,Rus'–Byzantine War (941),Constantinople,-1,-1,15,41001,False,0
https://en.wikipedia.org/wiki/Caspian_expeditions_of_the_Rus%27#Raid_of_943,943 AD,943 AD,Caucasian Albania,,Caspian expeditions of the Rus',,-1,-1,-1,-1,False,0
https://en.wikipedia.org/wiki/Battle_of_Lechfeld,955 AD,955 AD,"Kingdom of Germany,Bohemia",Magyars,Battle of Lechfeld,"Augsburg,Bavaria",unknown,unknown,16000,18000,False,0
https://en.wikipedia.org/wiki/Caspian_expeditions_of_the_Rus%27#Destruction_of_Khazaria,965 AD,968 or 969 AD,,Khazars,Caspian expeditions of the Rus',,-1,-1,-1,-1,False,0
https://en.wikipedia.org/wiki/Viking_Age#Portugal,966 AD,966 AD,Emirate of Córdoba,Vikings,Viking Age,,-1,-1,-1,-1,False,0
https://en.wikipedia.org/wiki/Sviatoslav%27s_invasion_of_Bulgaria,967 or 968 AD,971 AD,Byzantine Empire,"Pechenegs,Magyars,Bulgaria",Sviatoslav's invasion of Bulgaria,"Moesia,Thrace",-1,-1,60000,30000,False,0
https://en.wikipedia.org/wiki/Byzantine_conquest_of_Bulgaria,968 AD,1018 AD,"Byzantine Empire,Kingdom of Hungary,Principality of Duklja,Kingdom of Croatia","Bulgarian Empire,Pechenegs",Byzantine conquest of Bulgaria,"First Bulgarian Empire,Byzantine Empire",-1,-1,-1,-1,False,0
https://en.wikipedia.org/wiki/War_of_the_Three_Henries_(977%E2%80%93978),977 AD,978 AD,Holy Roman Empire,Henry II,War of the Three Henries (977–978),,-1,-1,-1,-1,False,0
https://en.wikipedia.org/wiki/Norse_activity_in_the_British_Isles#Second_invasion:_980.E2.80.931012,980 AD,1012 AD,Vikings,,Norse activity in the British Isles,,-1,-1,-1,-1,False,0
https://en.wikipedia.org/wiki/Song%E2%80%93Vietnamese_war_(981),981 AD,981 AD,Đại Việt,Song dynasty,Song–Vietnamese war (981),Northern Vietnam,1200,2,10001,unknown,False,0
https://en.wikipedia.org/wiki/Cham%E2%80%93Vietnamese_War_(982),982 AD,982 AD,Đại Việt,Champa,Cham–Vietnamese War (982),Central Vietnam,-1,-1,unknown,unknown,False,0
https://en.wikipedia.org/wiki/Rebellion_of_Bardas_Phokas_the_Younger,987 AD,989 AD,Byzantine Empire,"Phokas clan,Buyid Dynasty,Bardas Skleros",Rebellion of Bardas Phokas the Younger,Byzantine Empire,-1,-1,6000,2000,False,0
https://en.wikipedia.org/wiki/First_conflict_in_the_Goryeo%E2%80%93Khitan_War,993 AD,993 AD,Liao Dynasty,Goryeo,First conflict in the Goryeo–Khitan War,Korean Peninsula,unknown,unknown,unknown,800009,False,0
https://en.wikipedia.org/wiki/Peasants%27_revolt_of_996_in_Normandy,996 AD,996 AD,Duchy of Normandy,,Peasants' revolt of 996 in Normandy,,-1,-1,-1,-1,False,0
https://en.wikipedia.org/wiki/Kopp%C3%A1ny#Rebellion_and_death,996 AD,996 AD,Kingdom of Hungary,Somogy,Koppány,,-1,-1,-1,-1,False,0
https://en.wikipedia.org/wiki/Battle_of_Svolder,999 AD,999 AD,"Denmark,Sweden,Earls of Lade",Norway,Battle of Svolder,"Øresund,Rügen",unknown,unknown,11,70,False,0
https://en.wikipedia.org/wiki/Battle_of_Glenmama,999 AD,1000 AD,"Kingdom of Meath,Kingdom of Munster","Kingdom of Leinster,Kingdom of Dublin",Battle of Glenmama,"Lyons Hill,Ardclough,County Kildare",unknown,7004,unknown,unknown,False,0
